datetime,open,high,low,close,volume,amount,position,symbol
2013-11-19,3041.0,3070.0,3035.0,3064.0,10134,619973200.0,6418,CZCE.JR
2013-11-20,3068.0,3068.0,3046.0,3056.0,3126,190986500.0,4970,CZCE.JR
2013-11-21,3058.0,3064.0,3053.0,3061.0,1052,64380900.0,4838,CZCE.JR
2013-11-22,3064.0,3097.0,3061.0,3093.0,3892,239939400.0,5566,CZCE.JR
2013-11-25,3098.0,3107.0,3086.0,3094.0,3622,224333500.0,4728,CZCE.JR
2013-11-26,3093.0,3110.0,3082.0,3110.0,2110,130624800.0,4862,CZCE.JR
2013-11-27,3106.0,3128.0,3098.0,3100.0,3926,244277400.0,4490,CZCE.JR
2013-11-28,3100.0,3100.0,3091.0,3093.0,738,45668400.0,4280,CZCE.JR
2013-11-29,3092.0,3103.0,3085.0,3100.0,710,43991600.0,4238,CZCE.JR
2013-12-02,3096.0,3103.0,3093.0,3097.0,340,21059600.0,4134,CZCE.JR
2013-12-03,3099.0,3099.0,3091.0,3093.0,426,26363900.0,4008,CZCE.JR
2013-12-04,3099.0,3099.0,3089.0,3090.0,466,28812300.0,3688,CZCE.JR
2013-12-05,3089.0,3093.0,3076.0,3081.0,1378,84981600.0,3548,CZCE.JR
2013-12-06,3079.0,3085.0,3076.0,3077.0,1566,96528200.0,3570,CZCE.JR
2013-12-09,3076.0,3080.0,3076.0,3077.0,384,23639900.0,3502,CZCE.JR
2013-12-10,3072.0,3080.0,3006.0,3063.0,860,52747800.0,3146,CZCE.JR
2013-12-11,3060.0,3068.0,3030.0,3052.0,2210,134937500.0,2768,CZCE.JR
2013-12-12,3050.0,3094.0,3049.0,3094.0,1306,80101400.0,2786,CZCE.JR
2013-12-13,3083.0,3120.0,3077.0,3103.0,4158,257841700.0,2982,CZCE.JR
2013-12-16,3103.0,3115.0,3090.0,3093.0,994,61621400.0,2832,CZCE.JR
2013-12-17,3093.0,3093.0,3081.0,3086.0,742,45800600.0,2640,CZCE.JR
2013-12-18,3087.0,3087.0,3072.0,3078.0,442,27234300.0,2600,CZCE.JR
2013-12-19,3078.0,3100.0,3077.0,3079.0,292,18031300.0,2572,CZCE.JR
2013-12-20,3077.0,3093.0,3074.0,3092.0,396,24410700.0,2532,CZCE.JR
2013-12-23,3096.0,3096.0,3086.0,3089.0,252,15568600.0,2594,CZCE.JR
2013-12-24,3092.0,3092.0,3080.0,3082.0,314,19366700.0,2576,CZCE.JR
2013-12-25,3076.0,3090.0,3063.0,3082.0,660,40553000.0,2554,CZCE.JR
2013-12-26,3085.0,3092.0,3080.0,3083.0,450,27786300.0,2516,CZCE.JR
2013-12-27,3067.0,3085.0,3063.0,3080.0,58,3570800.0,2518,CZCE.JR
2013-12-30,3078.0,3084.0,3078.0,3079.0,36,2218400.0,2496,CZCE.JR
2013-12-31,3082.0,3083.0,3067.0,3071.0,156,9592900.0,2490,CZCE.JR
2014-01-02,3079.0,3080.0,3069.0,3076.0,212,13027900.0,2486,CZCE.JR
2014-01-03,3069.0,3079.0,3063.0,3072.0,348,21378500.0,2482,CZCE.JR
2014-01-06,3072.0,3075.0,3069.0,3074.0,160,9826600.0,2450,CZCE.JR
2014-01-07,3072.0,3088.0,3072.0,3087.0,204,12561800.0,2450,CZCE.JR
2014-01-08,3088.0,3117.0,3088.0,3097.0,202,12530200.0,2430,CZCE.JR
2014-01-09,3096.0,3113.0,3088.0,3100.0,186,11539500.0,2428,CZCE.JR
2014-01-10,3098.0,3109.0,3098.0,3108.0,90,5589800.0,2442,CZCE.JR
2014-01-13,3109.0,3110.0,3104.0,3110.0,124,7708200.0,2452,CZCE.JR
2014-01-14,3117.0,3117.0,3108.0,3108.0,212,13193700.0,2446,CZCE.JR
2014-01-15,3105.0,3113.0,3097.0,3110.0,220,13646200.0,2420,CZCE.JR
2014-01-16,3106.0,3117.0,3106.0,3117.0,170,10582800.0,2460,CZCE.JR
2014-01-17,3115.0,3123.0,3112.0,3118.0,206,12843700.0,2444,CZCE.JR
2014-01-20,3114.0,3122.0,3111.0,3114.0,112,6980200.0,2426,CZCE.JR
2014-01-21,3113.0,3117.0,3106.0,3111.0,190,11827700.0,2424,CZCE.JR
2014-01-22,3111.0,3191.0,3104.0,3128.0,296,18455500.0,2426,CZCE.JR
2014-01-23,3140.0,3150.0,3127.0,3131.0,400,25076600.0,2522,CZCE.JR
2014-01-24,3133.0,3134.0,3089.0,3089.0,678,42159100.0,2522,CZCE.JR
2014-01-27,3103.0,3107.0,3086.0,3092.0,272,16829500.0,2486,CZCE.JR
2014-01-28,3089.0,3101.0,3056.0,3076.0,574,35301500.0,2478,CZCE.JR
2014-01-29,3075.0,3076.0,3055.0,3055.0,116,7108400.0,2428,CZCE.JR
2014-01-30,3031.0,3088.0,3031.0,3075.0,90,5523800.0,2414,CZCE.JR
2014-02-07,3055.0,3092.0,3055.0,3076.0,80,4927400.0,2406,CZCE.JR
2014-02-10,3085.0,3095.0,3070.0,3087.0,36,2221500.0,2400,CZCE.JR
2014-02-11,3087.0,3087.0,3072.0,3083.0,76,4680900.0,2394,CZCE.JR
2014-02-12,3078.0,3100.0,3078.0,3092.0,100,6175300.0,2392,CZCE.JR
2014-02-13,3098.0,3100.0,3051.0,3061.0,364,22382400.0,2450,CZCE.JR
2014-02-14,3063.0,3082.0,3058.0,3082.0,114,7008400.0,2442,CZCE.JR
2014-02-17,3050.0,3091.0,3050.0,3072.0,108,6649800.0,2474,CZCE.JR
2014-02-18,3072.0,3098.0,3072.0,3079.0,92,5666900.0,2442,CZCE.JR
2014-02-19,3085.0,3107.0,3080.0,3088.0,1156,71541300.0,3302,CZCE.JR
2014-02-20,3088.0,3110.0,3088.0,3100.0,206,12776700.0,3410,CZCE.JR
2014-02-21,3100.0,3118.0,3098.0,3098.0,60,3726700.0,3416,CZCE.JR
2014-02-24,3082.0,3110.0,3082.0,3105.0,238,14763000.0,3514,CZCE.JR
2014-02-25,3103.0,3119.0,3098.0,3110.0,418,25957300.0,3746,CZCE.JR
2014-02-26,3112.0,3117.0,3099.0,3111.0,750,46639500.0,4282,CZCE.JR
2014-02-27,3110.0,3110.0,3095.0,3103.0,244,15139300.0,4398,CZCE.JR
2014-02-28,3100.0,3110.0,3099.0,3104.0,84,5217400.0,4452,CZCE.JR
2014-03-03,3105.0,3109.0,3096.0,3103.0,316,19610700.0,4702,CZCE.JR
2014-03-04,3103.0,3104.0,3096.0,3096.0,266,16490200.0,4796,CZCE.JR
2014-03-05,3095.0,3105.0,3085.0,3096.0,98,6072600.0,4816,CZCE.JR
2014-03-06,3096.0,3099.0,3088.0,3088.0,36,2228100.0,4808,CZCE.JR
2014-03-07,3093.0,3094.0,3086.0,3094.0,24,1483600.0,4796,CZCE.JR
2014-03-10,3090.0,3120.0,3090.0,3101.0,580,36039500.0,4866,CZCE.JR
2014-03-11,3116.0,3116.0,3099.0,3111.0,366,22774300.0,4580,CZCE.JR
2014-03-12,3120.0,3120.0,3104.0,3116.0,106,6596200.0,4586,CZCE.JR
2014-03-13,3114.0,3115.0,3113.0,3113.0,36,2242400.0,4588,CZCE.JR
2014-03-14,3118.0,3125.0,3115.0,3115.0,84,5240000.0,4536,CZCE.JR
2014-03-17,3116.0,3116.0,3114.0,3115.0,64,3987200.0,4522,CZCE.JR
2014-03-18,3116.0,3126.0,3116.0,3120.0,116,7243900.0,4522,CZCE.JR
2014-03-19,3120.0,3124.0,3116.0,3119.0,30,1871600.0,4518,CZCE.JR
2014-03-20,3119.0,3120.0,3119.0,3119.0,44,2745200.0,4474,CZCE.JR
2014-03-21,3116.0,3151.0,3110.0,3139.0,122,7628700.0,4420,CZCE.JR
2014-03-24,3153.0,3163.0,3143.0,3157.0,232,14628900.0,4346,CZCE.JR
2014-03-25,3164.0,3188.0,3152.0,3160.0,330,20885400.0,4114,CZCE.JR
2014-03-26,3159.0,3159.0,3139.0,3150.0,276,17388200.0,3900,CZCE.JR
2014-03-27,3156.0,3156.0,3146.0,3147.0,70,4411800.0,3848,CZCE.JR
2014-03-28,3138.0,3164.0,3135.0,3140.0,88,5525100.0,3778,CZCE.JR
2014-03-31,3140.0,3142.0,3140.0,3141.0,6,376900.0,3774,CZCE.JR
2014-04-01,3156.0,3166.0,3145.0,3152.0,82,5182400.0,3710,CZCE.JR
2014-04-02,3164.0,3166.0,3156.0,3156.0,64,4044400.0,3674,CZCE.JR
2014-04-03,3143.0,3150.0,3142.0,3150.0,12,755300.0,3678,CZCE.JR
2014-04-04,3134.0,3146.0,3133.0,3145.0,50,3138800.0,3652,CZCE.JR
2014-04-08,3136.0,3136.0,3136.0,3136.0,6,376300.0,3650,CZCE.JR
2014-04-09,3139.0,3142.0,3137.0,3141.0,98,6151900.0,3658,CZCE.JR
2014-04-10,3214.0,3214.0,3141.0,3149.0,46,2901800.0,3642,CZCE.JR
2014-04-11,3166.0,3176.0,3154.0,3155.0,334,21161900.0,3424,CZCE.JR
2014-04-14,3174.0,3174.0,3156.0,3174.0,56,3537100.0,3370,CZCE.JR
2014-04-15,3177.0,3177.0,3150.0,3150.0,92,5808800.0,3284,CZCE.JR
2014-04-16,3156.0,3158.0,3155.0,3158.0,188,11872200.0,3184,CZCE.JR
2014-04-17,3155.0,3158.0,3150.0,3153.0,238,15024500.0,2974,CZCE.JR
2014-04-18,3154.0,3154.0,3154.0,3154.0,26,1640100.0,2974,CZCE.JR
2014-04-21,3150.0,3155.0,3150.0,3155.0,2366,147388000.0,608,CZCE.JR
2014-04-22,3177.0,3178.0,3163.0,3172.0,88,5591400.0,532,CZCE.JR
2014-04-23,3241.0,3241.0,3200.0,3216.0,218,14056300.0,334,CZCE.JR
2014-04-24,3200.0,3249.0,3200.0,3249.0,4,258000.0,334,CZCE.JR
2014-04-25,3250.0,3250.0,3223.0,3223.0,222,13921200.0,116,CZCE.JR
2014-04-28,3319.0,3319.0,3176.0,3176.0,18,1155600.0,106,CZCE.JR
2014-04-29,3100.0,3100.0,3100.0,3100.0,2,124000.0,106,CZCE.JR
2014-04-30,3160.0,3224.0,2982.0,3203.0,26,1653200.0,102,CZCE.JR
2014-05-06,3430.0,3432.0,3430.0,3432.0,4,274500.0,102,CZCE.JR
2014-05-08,3700.0,3700.0,3426.0,3426.0,4,285000.0,106,CZCE.JR
2014-05-09,3750.0,3750.0,3729.0,3729.0,26,1946300.0,132,CZCE.JR
2014-05-12,3520.0,3520.0,3520.0,3520.0,2,140800.0,134,CZCE.JR
2014-05-14,3187.0,3187.0,3187.0,3187.0,66,4206800.0,200,CZCE.JR
2014-05-20,3119.0,3119.0,3119.0,3119.0,2,124800.0,56,CZCE.JR
2014-05-21,3130.0,3130.0,3130.0,3130.0,2,125200.0,56,CZCE.JR
2014-05-22,3126.0,3129.0,3116.0,3129.0,6,374800.0,52,CZCE.JR
2014-05-23,3124.0,3124.0,3124.0,3124.0,4,249900.0,54,CZCE.JR
2014-05-27,3159.0,3159.0,3087.0,3158.0,12,753300.0,54,CZCE.JR
2014-05-28,3151.0,3218.0,3151.0,3218.0,12,764000.0,50,CZCE.JR
2014-05-29,3258.0,3288.0,3107.0,3195.0,78,4935500.0,50,CZCE.JR
2014-06-04,3140.0,3141.0,3140.0,3141.0,4,251200.0,50,CZCE.JR
2014-06-11,3187.0,3215.0,3172.0,3172.0,10,639400.0,46,CZCE.JR
2014-06-12,3120.0,3325.0,3082.0,3220.0,70,4480600.0,38,CZCE.JR
2014-06-16,3200.0,3200.0,3171.0,3171.0,4,254800.0,40,CZCE.JR
2014-06-17,3185.0,3185.0,3185.0,3185.0,2,127400.0,38,CZCE.JR
2014-06-18,3283.0,3283.0,3283.0,3283.0,2,131300.0,40,CZCE.JR
2014-06-20,3285.0,3286.0,3222.0,3222.0,12,784100.0,34,CZCE.JR
2014-06-23,3286.0,3302.0,3286.0,3290.0,22,1450400.0,28,CZCE.JR
2014-06-24,3270.0,3270.0,3270.0,3270.0,2,130800.0,28,CZCE.JR
2014-06-25,3329.0,3329.0,3230.0,3309.0,18,1182800.0,28,CZCE.JR
2014-06-26,3260.0,3292.0,3251.0,3279.0,8,523300.0,28,CZCE.JR
2014-06-27,3260.0,3260.0,3260.0,3260.0,2,130400.0,26,CZCE.JR
2014-07-03,3226.0,3311.0,3226.0,3281.0,6,392700.0,26,CZCE.JR
2014-07-04,3325.0,3397.0,3142.0,3260.0,98,6388800.0,34,CZCE.JR
2014-07-07,3288.0,3290.0,3288.0,3290.0,4,263100.0,34,CZCE.JR
2014-07-08,3252.0,3289.0,3252.0,3263.0,6,392200.0,34,CZCE.JR
2014-07-14,3289.0,3289.0,3241.0,3241.0,4,261200.0,34,CZCE.JR
2014-07-15,3241.0,3241.0,3241.0,3241.0,2,129600.0,32,CZCE.JR
2014-07-16,3288.0,3288.0,3263.0,3269.0,8,524300.0,28,CZCE.JR
2014-07-17,3278.0,3279.0,3244.0,3244.0,6,392000.0,22,CZCE.JR
2014-07-28,3211.0,3211.0,3158.0,3160.0,16,1017000.0,16,CZCE.JR
2014-08-01,3123.0,3212.0,3123.0,3165.0,8,506400.0,14,CZCE.JR
2014-08-12,3180.0,3180.0,3180.0,3180.0,4,254400.0,12,CZCE.JR
2014-08-13,3236.0,3236.0,3236.0,3236.0,2,129400.0,14,CZCE.JR
2014-08-14,3158.0,3282.0,3158.0,3280.0,12,774600.0,16,CZCE.JR
2014-08-19,3235.0,3235.0,3235.0,3235.0,2,129400.0,16,CZCE.JR
2014-08-25,3299.0,3299.0,3251.0,3280.0,8,524400.0,16,CZCE.JR
2014-08-29,3351.0,3386.0,3280.0,3350.0,30,2009600.0,28,CZCE.JR
2014-09-02,3353.0,3353.0,3353.0,3353.0,2,134100.0,28,CZCE.JR
2014-09-04,3386.0,3386.0,3353.0,3353.0,6,403700.0,22,CZCE.JR
2014-09-09,3249.0,3485.0,3249.0,3452.0,8,546800.0,24,CZCE.JR
2014-09-10,3362.0,3362.0,3362.0,3362.0,2,134500.0,22,CZCE.JR
2014-09-17,3318.0,3325.0,3318.0,3325.0,12,797400.0,22,CZCE.JR
2014-09-19,3248.0,3288.0,3247.0,3288.0,6,391300.0,20,CZCE.JR
2014-09-22,3229.0,3229.0,3228.0,3228.0,4,258300.0,16,CZCE.JR
2014-09-23,3286.0,3286.0,3286.0,3286.0,2,131400.0,14,CZCE.JR
2014-09-24,3386.0,3386.0,3247.0,3254.0,22,1451600.0,18,CZCE.JR
2014-09-25,3230.0,3230.0,3230.0,3230.0,4,258400.0,22,CZCE.JR
2014-09-26,3230.0,3230.0,3200.0,3200.0,4,257200.0,20,CZCE.JR
2014-09-30,3138.0,3138.0,3099.0,3099.0,10,622900.0,14,CZCE.JR
2014-10-08,3136.0,3136.0,3136.0,3136.0,2,125400.0,12,CZCE.JR
2014-10-09,3169.0,3177.0,3169.0,3177.0,6,380900.0,6,CZCE.JR
2014-10-14,3117.0,3117.0,3117.0,3117.0,2,124700.0,10,CZCE.JR
2014-10-21,3020.0,3020.0,3020.0,3020.0,6,362400.0,4,CZCE.JR
2014-11-03,3220.0,3220.0,3220.0,3220.0,2,128800.0,6,CZCE.JR
2014-11-07,3330.0,3330.0,3220.0,3318.0,102,6677700.0,6,CZCE.JR
2014-11-10,3220.0,3220.0,3220.0,3220.0,2,128800.0,4,CZCE.JR
2014-11-12,3147.0,3147.0,3147.0,3147.0,2,125900.0,4,CZCE.JR
2014-11-21,3158.0,3200.0,3158.0,3200.0,20,1271600.0,4,CZCE.JR
2014-12-02,3120.0,3177.0,3120.0,3177.0,4,251900.0,2,CZCE.JR
2014-12-05,3274.0,3274.0,3138.0,3138.0,4,256500.0,0,CZCE.JR
2014-12-09,3086.0,3196.0,3086.0,3089.0,14,871400.0,4,CZCE.JR
2014-12-10,3086.0,3229.0,3086.0,3094.0,6,376400.0,2,CZCE.JR
2014-12-16,3089.0,3089.0,3089.0,3089.0,2,123600.0,2,CZCE.JR
2014-12-17,3000.0,3000.0,3000.0,3000.0,2,120000.0,2,CZCE.JR
2014-12-18,3120.0,3120.0,2903.0,3104.0,18,1081400.0,0,CZCE.JR
2015-02-04,3190.0,3190.0,2980.0,2980.0,4,246800.0,0,CZCE.JR
2015-03-19,2999.0,2999.0,2999.0,2999.0,4,239900.0,2,CZCE.JR
2015-03-20,2901.0,3117.0,2901.0,3117.0,12,722200.0,2,CZCE.JR
2015-04-01,2957.0,3019.0,2957.0,3019.0,4,239000.0,2,CZCE.JR
2015-05-25,3102.0,3102.0,3102.0,3102.0,2,124100.0,2,CZCE.JR
2015-06-11,3100.0,3100.0,3100.0,3100.0,2,124000.0,0,CZCE.JR
2015-07-30,3233.0,3233.0,3020.0,3174.0,16,1013200.0,4,CZCE.JR
2015-07-31,3180.0,3270.0,3180.0,3270.0,4,258000.0,4,CZCE.JR
2015-08-04,3200.0,3280.0,3200.0,3219.0,10,649100.0,4,CZCE.JR
2015-08-05,3260.0,3360.0,3260.0,3360.0,4,264800.0,4,CZCE.JR
2015-08-10,3280.0,3280.0,3280.0,3280.0,2,131200.0,4,CZCE.JR
2015-08-17,3177.0,3177.0,3156.0,3156.0,6,380400.0,2,CZCE.JR
2015-08-20,3048.0,3197.0,3048.0,3197.0,4,249800.0,2,CZCE.JR
2015-08-24,3010.0,3010.0,3010.0,3010.0,2,120400.0,2,CZCE.JR
2015-08-25,2900.0,2901.0,2900.0,2901.0,6,348100.0,6,CZCE.JR
2015-08-26,2800.0,3018.0,2800.0,3018.0,14,836100.0,6,CZCE.JR
2015-08-27,3105.0,3105.0,3105.0,3105.0,6,372600.0,6,CZCE.JR
2015-08-28,3198.0,3229.0,3090.0,3229.0,6,380700.0,4,CZCE.JR
2015-08-31,3049.0,3209.0,3049.0,3125.0,10,626200.0,4,CZCE.JR
2015-09-11,3106.0,3106.0,3105.0,3105.0,4,248400.0,0,CZCE.JR
2015-09-14,3006.0,3195.0,3006.0,3195.0,4,248000.0,2,CZCE.JR
2015-10-30,3060.0,3060.0,3060.0,3060.0,2,122400.0,0,CZCE.JR
2016-02-25,2890.0,2890.0,2890.0,2890.0,2,115600.0,0,CZCE.JR
2016-03-09,2976.0,2998.0,2859.0,2998.0,14,821300.0,6,CZCE.JR
2016-03-10,2863.0,2989.0,2863.0,2925.0,10,585200.0,2,CZCE.JR
2016-03-11,2890.0,2999.0,2829.0,2865.0,10,577900.0,0,CZCE.JR
2016-05-03,2942.0,2942.0,2942.0,2942.0,4,235400.0,0,CZCE.JR
2016-05-04,2942.0,3060.0,2942.0,3060.0,6,362500.0,2,CZCE.JR
2016-05-05,3142.0,3142.0,3142.0,3142.0,8,502700.0,4,CZCE.JR
2016-05-09,3020.0,3268.0,3020.0,3268.0,12,773100.0,0,CZCE.JR
2016-06-30,3200.0,3279.0,3066.0,3066.0,40,2561000.0,2,CZCE.JR
2016-07-01,3200.0,3323.0,3109.0,3109.0,6,385300.0,2,CZCE.JR
2016-07-04,3288.0,3288.0,3288.0,3288.0,2,131500.0,0,CZCE.JR
2016-07-18,3151.0,3389.0,3151.0,3328.0,14,909200.0,24,CZCE.JR
2016-07-20,3339.0,3368.0,3201.0,3203.0,10,658000.0,20,CZCE.JR
2016-07-26,3203.0,3344.0,3203.0,3339.0,34,2241200.0,4,CZCE.JR
2016-07-28,3397.0,3397.0,3166.0,3360.0,24,1590900.0,4,CZCE.JR
2016-08-02,3382.0,3382.0,3350.0,3350.0,40,2692800.0,2,CZCE.JR
2016-08-08,3464.0,3464.0,3285.0,3364.0,18,1211200.0,2,CZCE.JR
2016-08-18,3497.0,3497.0,3230.0,3275.0,12,812000.0,2,CZCE.JR
2016-08-30,3255.0,3255.0,3255.0,3255.0,2,130200.0,2,CZCE.JR
2016-08-31,3124.0,3124.0,3124.0,3124.0,2,125000.0,0,CZCE.JR
2016-09-13,3100.0,3100.0,3100.0,3100.0,2,124000.0,0,CZCE.JR
2016-09-29,2857.0,3082.0,2857.0,3082.0,34,2050600.0,2,CZCE.JR
2016-11-01,3076.0,3137.0,3076.0,3137.0,4,248500.0,2,CZCE.JR
2016-11-02,3323.0,3323.0,3214.0,3214.0,12,788400.0,4,CZCE.JR
2016-11-04,3214.0,3214.0,3214.0,3214.0,2,128600.0,2,CZCE.JR
2016-11-08,3214.0,3314.0,3214.0,3314.0,6,393700.0,2,CZCE.JR
2016-11-09,3234.0,3234.0,3234.0,3234.0,2,129400.0,0,CZCE.JR
2016-11-22,3314.0,3314.0,3314.0,3314.0,2,132600.0,2,CZCE.JR
2016-11-23,3315.0,3315.0,3315.0,3315.0,2,132600.0,0,CZCE.JR
2016-11-28,3488.0,3498.0,3345.0,3498.0,6,413200.0,4,CZCE.JR
2016-11-29,3374.0,3498.0,3374.0,3375.0,6,409900.0,2,CZCE.JR
2016-12-08,3214.0,3309.0,3214.0,3304.0,28,1844200.0,10,CZCE.JR
2016-12-09,3425.0,3425.0,3225.0,3370.0,16,1073100.0,8,CZCE.JR
2016-12-12,3449.0,3449.0,3449.0,3449.0,2,138000.0,10,CZCE.JR
2016-12-13,3380.0,3474.0,3380.0,3469.0,12,829600.0,12,CZCE.JR
2016-12-14,3490.0,3490.0,3440.0,3440.0,8,552800.0,12,CZCE.JR
2016-12-15,3405.0,3405.0,3400.0,3400.0,4,272200.0,10,CZCE.JR
2016-12-19,3340.0,3340.0,3340.0,3340.0,2,133600.0,8,CZCE.JR
2016-12-20,3440.0,3440.0,3269.0,3269.0,16,1058200.0,8,CZCE.JR
2017-01-12,3280.0,3280.0,3280.0,3280.0,2,131200.0,8,CZCE.JR
2017-01-16,3167.0,3282.0,3167.0,3282.0,4,258000.0,8,CZCE.JR
2017-01-17,3202.0,3202.0,3202.0,3202.0,2,128100.0,6,CZCE.JR
2017-03-06,3191.0,3191.0,3190.0,3190.0,12,765700.0,18,CZCE.JR
2017-03-07,3192.0,3192.0,3192.0,3192.0,4,255400.0,22,CZCE.JR
2017-03-08,3066.0,3231.0,3066.0,3156.0,12,757900.0,12,CZCE.JR
2017-03-09,3036.0,3226.0,3036.0,3165.0,8,505800.0,10,CZCE.JR
2017-03-16,3146.0,3146.0,3145.0,3145.0,4,251600.0,6,CZCE.JR
2017-03-20,3266.0,3266.0,3101.0,3239.0,8,514000.0,4,CZCE.JR
2017-03-21,3145.0,3203.0,3144.0,3203.0,6,379700.0,4,CZCE.JR
2017-03-23,3140.0,3140.0,3140.0,3140.0,6,376800.0,0,CZCE.JR
2017-03-29,3154.0,3299.0,3154.0,3172.0,16,1019700.0,4,CZCE.JR
2017-03-30,3185.0,3185.0,3185.0,3185.0,2,127400.0,2,CZCE.JR
2017-05-16,3211.0,3211.0,3211.0,3211.0,2,128400.0,0,CZCE.JR
2017-07-14,3378.0,3378.0,3290.0,3319.0,12,797000.0,4,CZCE.JR
2017-07-20,3290.0,3290.0,3276.0,3276.0,4,262600.0,2,CZCE.JR
2017-07-24,3217.0,3217.0,3217.0,3217.0,2,128700.0,2,CZCE.JR
2017-08-01,3127.0,3127.0,3127.0,3127.0,2,125100.0,4,CZCE.JR
2017-08-02,3217.0,3217.0,3217.0,3217.0,2,128700.0,2,CZCE.JR
2017-08-03,3344.0,3344.0,3201.0,3239.0,24,1577600.0,4,CZCE.JR
2017-08-04,3240.0,3240.0,3240.0,3240.0,2,129600.0,2,CZCE.JR
2017-08-30,3260.0,3260.0,3260.0,3260.0,2,130400.0,0,CZCE.JR
2017-09-21,3208.0,3342.0,3208.0,3211.0,8,523000.0,2,CZCE.JR
2017-09-26,3304.0,3304.0,3287.0,3287.0,4,263600.0,0,CZCE.JR
2017-10-18,3188.0,3188.0,3101.0,3101.0,4,251600.0,2,CZCE.JR
2017-10-27,3345.0,3345.0,3228.0,3298.0,6,394800.0,12,CZCE.JR
2017-10-30,3399.0,3399.0,3296.0,3296.0,4,267800.0,12,CZCE.JR
2017-10-31,3257.0,3257.0,3256.0,3256.0,6,390800.0,8,CZCE.JR
2017-11-08,3298.0,3298.0,3160.0,3223.0,18,1162800.0,8,CZCE.JR
2017-11-15,3308.0,3308.0,3235.0,3235.0,4,261700.0,8,CZCE.JR
2017-11-17,3241.0,3279.0,3222.0,3235.0,10,649900.0,6,CZCE.JR
2017-12-08,3357.0,3357.0,3219.0,3219.0,4,263000.0,6,CZCE.JR
2017-12-12,3420.0,3420.0,3335.0,3335.0,4,270200.0,6,CZCE.JR
2017-12-18,3292.0,3292.0,3292.0,3292.0,2,131700.0,6,CZCE.JR
2017-12-20,3298.0,3298.0,3298.0,3298.0,2,131900.0,6,CZCE.JR
2017-12-21,3338.0,3338.0,3338.0,3338.0,2,133500.0,6,CZCE.JR
2018-01-12,3204.0,3204.0,3204.0,3204.0,2,128200.0,6,CZCE.JR
2018-01-29,3194.0,3194.0,3112.0,3112.0,4,252200.0,4,CZCE.JR
2018-02-08,3166.0,3166.0,3166.0,3166.0,2,126600.0,2,CZCE.JR
2018-02-28,3260.0,3260.0,3260.0,3260.0,2,130400.0,0,CZCE.JR
2018-03-20,2976.0,3220.0,2972.0,3215.0,830,51430300.0,376,CZCE.JR
2018-03-21,3206.0,3210.0,3175.0,3200.0,290,18560200.0,184,CZCE.JR
2018-03-22,3218.0,3225.0,3174.0,3174.0,34,2180200.0,160,CZCE.JR
2018-03-23,3209.0,3209.0,3208.0,3208.0,4,256700.0,160,CZCE.JR
2018-03-26,3198.0,3200.0,3197.0,3200.0,14,895700.0,152,CZCE.JR
2018-03-28,3199.0,3199.0,3199.0,3199.0,2,128000.0,152,CZCE.JR
2018-03-29,3199.0,3199.0,3199.0,3199.0,2,128000.0,152,CZCE.JR
2018-03-30,3199.0,3199.0,3198.0,3199.0,14,895700.0,140,CZCE.JR
2018-04-02,3198.0,3199.0,3198.0,3199.0,4,255900.0,138,CZCE.JR
2018-04-09,3199.0,3199.0,3199.0,3199.0,40,2559200.0,98,CZCE.JR
2018-04-20,3173.0,3173.0,3173.0,3173.0,2,126900.0,98,CZCE.JR
2018-04-23,3097.0,3204.0,3097.0,3204.0,106,6776900.0,102,CZCE.JR
2018-04-24,3174.0,3174.0,3174.0,3174.0,2,127000.0,102,CZCE.JR
2018-04-26,3172.0,3172.0,3153.0,3153.0,4,253000.0,104,CZCE.JR
2018-04-27,3036.0,3172.0,3036.0,3172.0,8,500800.0,104,CZCE.JR
2018-05-15,3150.0,3150.0,3150.0,3150.0,2,126000.0,106,CZCE.JR
2018-05-18,3199.0,3199.0,3129.0,3129.0,10,635300.0,102,CZCE.JR
2018-05-23,3277.0,3277.0,3132.0,3199.0,22,1407800.0,102,CZCE.JR
2018-06-14,3199.0,3199.0,3199.0,3199.0,86,5502300.0,46,CZCE.JR
2018-06-15,3191.0,3191.0,3191.0,3191.0,30,1914600.0,16,CZCE.JR
2018-06-19,3166.0,3166.0,3166.0,3166.0,16,1013100.0,0,CZCE.JR
2018-07-19,3200.0,3200.0,3200.0,3200.0,4,256000.0,2,CZCE.JR
2018-07-20,3268.0,3328.0,3268.0,3328.0,114,7583000.0,74,CZCE.JR
2018-07-23,3350.0,3417.0,3192.0,3220.0,1956,128181400.0,474,CZCE.JR
2018-07-24,3208.0,3227.0,3145.0,3145.0,952,60599100.0,582,CZCE.JR
2018-07-25,3102.0,3138.0,3009.0,3045.0,2700,165418600.0,714,CZCE.JR
2018-07-26,3045.0,3110.0,3045.0,3066.0,1788,110042400.0,772,CZCE.JR
2018-07-27,3066.0,3078.0,3040.0,3050.0,1210,73965200.0,650,CZCE.JR
2018-07-30,3041.0,3105.0,3028.0,3034.0,806,49276100.0,568,CZCE.JR
2018-07-31,3030.0,3079.0,3030.0,3048.0,304,18549200.0,532,CZCE.JR
2018-08-01,3043.0,3072.0,3043.0,3058.0,284,17370500.0,532,CZCE.JR
2018-08-02,3053.0,3060.0,3033.0,3043.0,152,9265900.0,520,CZCE.JR
2018-08-03,3012.0,3042.0,2986.0,3014.0,312,18785100.0,526,CZCE.JR
2018-08-06,3027.0,3131.0,3014.0,3081.0,2174,134132700.0,832,CZCE.JR
2018-08-07,3099.0,3100.0,2988.0,3023.0,974,59507700.0,910,CZCE.JR
2018-08-08,3016.0,3064.0,3016.0,3044.0,516,31405700.0,904,CZCE.JR
2018-08-09,3045.0,3079.0,3045.0,3058.0,558,34166800.0,852,CZCE.JR
2018-08-10,3056.0,3064.0,3026.0,3046.0,352,21484900.0,860,CZCE.JR
2018-08-13,3040.0,3043.0,3000.0,3024.0,234,14169200.0,866,CZCE.JR
2018-08-14,3033.0,3040.0,3007.0,3009.0,150,9053700.0,872,CZCE.JR
2018-08-15,3006.0,3060.0,3006.0,3035.0,560,34094900.0,884,CZCE.JR
2018-08-16,3005.0,3010.0,2943.0,2970.0,552,32910400.0,874,CZCE.JR
2018-08-17,2971.0,2989.0,2965.0,2968.0,180,10717300.0,878,CZCE.JR
2018-08-20,2970.0,2987.0,2950.0,2957.0,224,13302100.0,890,CZCE.JR
2018-08-21,2965.0,2965.0,2927.0,2957.0,322,18969100.0,826,CZCE.JR
2018-08-22,2968.0,3000.0,2956.0,2956.0,358,21334900.0,818,CZCE.JR
2018-08-23,2955.0,2969.0,2950.0,2951.0,100,5916300.0,830,CZCE.JR
2018-08-24,2960.0,2978.0,2955.0,2969.0,160,9502400.0,778,CZCE.JR
2018-08-27,2970.0,2975.0,2954.0,2960.0,120,7107700.0,772,CZCE.JR
2018-08-28,2965.0,2986.0,2960.0,2965.0,114,6773800.0,768,CZCE.JR
2018-08-29,2970.0,2975.0,2953.0,2956.0,92,5453400.0,782,CZCE.JR
2018-08-30,2958.0,2964.0,2942.0,2953.0,64,3779600.0,780,CZCE.JR
2018-08-31,2955.0,2955.0,2938.0,2940.0,26,1531400.0,780,CZCE.JR
2018-09-03,2947.0,2948.0,2922.0,2930.0,64,3753300.0,776,CZCE.JR
2018-09-04,2922.0,2934.0,2922.0,2924.0,52,3044500.0,780,CZCE.JR
2018-09-05,2918.0,2924.0,2910.0,2913.0,112,6531600.0,752,CZCE.JR
2018-09-06,2907.0,2919.0,2901.0,2910.0,126,7327100.0,740,CZCE.JR
2018-09-07,2902.0,2922.0,2902.0,2917.0,44,2565200.0,728,CZCE.JR
2018-09-10,2909.0,2924.0,2909.0,2919.0,44,2568700.0,720,CZCE.JR
2018-09-11,2914.0,2916.0,2910.0,2914.0,24,1398100.0,724,CZCE.JR
2018-09-12,2915.0,2986.0,2915.0,2933.0,154,9053700.0,702,CZCE.JR
2018-09-13,2923.0,2940.0,2922.0,2922.0,34,1994100.0,708,CZCE.JR
2018-09-14,2922.0,2923.0,2916.0,2918.0,32,1868400.0,704,CZCE.JR
2018-09-17,2917.0,2917.0,2901.0,2910.0,44,2558800.0,706,CZCE.JR
2018-09-18,2899.0,2909.0,2899.0,2903.0,30,1742400.0,724,CZCE.JR
2018-09-19,2905.0,2905.0,2896.0,2898.0,36,2088400.0,738,CZCE.JR
2018-09-20,2890.0,2904.0,2890.0,2897.0,30,1738800.0,732,CZCE.JR
2018-09-21,2903.0,2905.0,2892.0,2892.0,60,3478600.0,730,CZCE.JR
2018-09-25,2899.0,2905.0,2898.0,2901.0,40,2320400.0,730,CZCE.JR
2018-09-26,2910.0,2920.0,2910.0,2917.0,54,3147300.0,726,CZCE.JR
2018-09-27,2923.0,2923.0,2901.0,2902.0,30,1745800.0,714,CZCE.JR
2018-09-28,2907.0,2908.0,2890.0,2901.0,66,3828400.0,710,CZCE.JR
2018-10-08,2905.0,2919.0,2905.0,2917.0,74,4308600.0,716,CZCE.JR
2018-10-09,2920.0,2961.0,2920.0,2949.0,218,12854000.0,728,CZCE.JR
2018-10-10,2936.0,2965.0,2935.0,2950.0,168,9924900.0,738,CZCE.JR
2018-10-11,2945.0,2946.0,2917.0,2935.0,112,6565600.0,734,CZCE.JR
2018-10-12,2936.0,2965.0,2933.0,2947.0,166,9800400.0,734,CZCE.JR
2018-10-15,2951.0,2965.0,2936.0,2940.0,82,4829500.0,734,CZCE.JR
2018-10-16,2942.0,2945.0,2926.0,2936.0,98,5755800.0,734,CZCE.JR
2018-10-17,2936.0,2960.0,2935.0,2948.0,96,5663300.0,740,CZCE.JR
2018-10-18,2954.0,2965.0,2931.0,2931.0,238,14049600.0,778,CZCE.JR
2018-10-19,2930.0,2939.0,2921.0,2925.0,226,13239700.0,782,CZCE.JR
2018-10-22,2931.0,2940.0,2928.0,2933.0,74,4341600.0,784,CZCE.JR
2018-10-23,2939.0,2940.0,2905.0,2907.0,88,5136000.0,778,CZCE.JR
2018-10-24,2905.0,2923.0,2861.0,2863.0,342,19687600.0,758,CZCE.JR
2018-10-25,2854.0,2866.0,2848.0,2855.0,146,8335500.0,756,CZCE.JR
2018-10-26,2850.0,2896.0,2850.0,2877.0,208,11963200.0,754,CZCE.JR
2018-10-29,2863.0,2899.0,2863.0,2875.0,300,17303600.0,770,CZCE.JR
2018-10-30,2870.0,2876.0,2861.0,2862.0,78,4474300.0,770,CZCE.JR
2018-10-31,2892.0,2892.0,2865.0,2879.0,72,4146200.0,784,CZCE.JR
2018-11-01,2873.0,2878.0,2862.0,2865.0,130,7455800.0,768,CZCE.JR
2018-11-02,2883.0,2883.0,2850.0,2855.0,96,5484200.0,756,CZCE.JR
2018-11-05,2877.0,2877.0,2859.0,2865.0,38,2179200.0,762,CZCE.JR
2018-11-06,2865.0,2873.0,2855.0,2868.0,58,3324600.0,772,CZCE.JR
2018-11-07,2857.0,2863.0,2857.0,2859.0,40,2288200.0,768,CZCE.JR
2018-11-08,2857.0,2874.0,2856.0,2864.0,132,7561100.0,752,CZCE.JR
2018-11-09,2857.0,2865.0,2850.0,2864.0,42,2402000.0,740,CZCE.JR
2018-11-12,2855.0,2868.0,2855.0,2859.0,18,1030600.0,746,CZCE.JR
2018-11-13,2871.0,2873.0,2858.0,2858.0,26,1490200.0,746,CZCE.JR
2018-11-14,2863.0,2868.0,2853.0,2861.0,26,1487900.0,738,CZCE.JR
2018-11-15,2851.0,2871.0,2851.0,2863.0,38,2175000.0,734,CZCE.JR
2018-11-16,2863.0,2871.0,2855.0,2866.0,34,1946700.0,734,CZCE.JR
2018-11-19,2867.0,2867.0,2859.0,2859.0,26,1488000.0,734,CZCE.JR
2018-11-20,2854.0,2862.0,2853.0,2862.0,22,1257400.0,734,CZCE.JR
2018-11-21,2851.0,2855.0,2834.0,2854.0,82,4671700.0,698,CZCE.JR
2018-11-22,2851.0,2866.0,2846.0,2852.0,86,4904700.0,654,CZCE.JR
2018-11-23,2851.0,2853.0,2848.0,2853.0,18,1026400.0,642,CZCE.JR
2018-11-26,2851.0,2861.0,2847.0,2847.0,42,2396300.0,628,CZCE.JR
2018-11-27,2850.0,2850.0,2847.0,2847.0,10,569600.0,622,CZCE.JR
2018-11-28,2851.0,2856.0,2851.0,2856.0,14,799100.0,624,CZCE.JR
2018-11-29,2883.0,2883.0,2857.0,2867.0,24,1379000.0,628,CZCE.JR
2018-11-30,2851.0,2857.0,2846.0,2855.0,48,2736500.0,606,CZCE.JR
2018-12-03,2851.0,2859.0,2851.0,2851.0,24,1370800.0,606,CZCE.JR
2018-12-04,2856.0,2856.0,2856.0,2856.0,2,114200.0,606,CZCE.JR
2018-12-05,2851.0,2858.0,2851.0,2857.0,6,342600.0,606,CZCE.JR
2018-12-06,2851.0,2864.0,2851.0,2851.0,8,456700.0,606,CZCE.JR
2018-12-07,2850.0,2858.0,2842.0,2842.0,12,683200.0,604,CZCE.JR
2018-12-10,2845.0,2845.0,2845.0,2845.0,2,113800.0,602,CZCE.JR
2018-12-11,2846.0,2852.0,2837.0,2852.0,26,1478600.0,604,CZCE.JR
2018-12-12,2854.0,2854.0,2846.0,2850.0,14,797500.0,600,CZCE.JR
2018-12-13,2846.0,2849.0,2842.0,2845.0,14,797000.0,598,CZCE.JR
2018-12-14,2846.0,2846.0,2846.0,2846.0,6,341500.0,598,CZCE.JR
2018-12-17,2846.0,2846.0,2846.0,2846.0,4,227700.0,596,CZCE.JR
2018-12-18,2845.0,2845.0,2845.0,2845.0,2,113800.0,594,CZCE.JR
2018-12-19,2845.0,2845.0,2842.0,2842.0,6,341200.0,592,CZCE.JR
2018-12-20,2845.0,2849.0,2843.0,2843.0,14,796900.0,590,CZCE.JR
2018-12-21,2845.0,2845.0,2841.0,2841.0,8,455000.0,586,CZCE.JR
2018-12-24,2845.0,2850.0,2840.0,2840.0,14,796600.0,584,CZCE.JR
2018-12-25,2840.0,2849.0,2840.0,2849.0,20,1138400.0,584,CZCE.JR
2018-12-26,2840.0,2853.0,2840.0,2853.0,16,911600.0,580,CZCE.JR
2018-12-27,2849.0,2860.0,2849.0,2851.0,30,1713600.0,580,CZCE.JR
2018-12-28,2841.0,2862.0,2841.0,2856.0,16,912300.0,586,CZCE.JR
2019-01-02,2860.0,2875.0,2856.0,2865.0,42,2405800.0,572,CZCE.JR
2019-01-03,2852.0,2868.0,2847.0,2853.0,24,1371000.0,570,CZCE.JR
2019-01-04,2862.0,2875.0,2862.0,2865.0,40,2293900.0,570,CZCE.JR
2019-01-07,2867.0,2867.0,2857.0,2866.0,18,1030700.0,570,CZCE.JR
2019-01-08,2869.0,2874.0,2861.0,2872.0,46,2638500.0,572,CZCE.JR
2019-01-09,2872.0,2872.0,2866.0,2872.0,14,803400.0,572,CZCE.JR
2019-01-10,2878.0,2878.0,2864.0,2864.0,10,574000.0,570,CZCE.JR
2019-01-11,2848.0,2872.0,2848.0,2862.0,10,571700.0,568,CZCE.JR
2019-01-14,2863.0,2863.0,2862.0,2862.0,8,458000.0,568,CZCE.JR
2019-01-15,2854.0,2861.0,2852.0,2852.0,14,800000.0,568,CZCE.JR
2019-01-16,2850.0,2864.0,2850.0,2864.0,10,572200.0,568,CZCE.JR
2019-01-17,2851.0,2860.0,2851.0,2860.0,6,342500.0,568,CZCE.JR
2019-01-18,2842.0,2853.0,2842.0,2853.0,4,227800.0,568,CZCE.JR
2019-01-21,2849.0,2855.0,2843.0,2850.0,44,2505800.0,568,CZCE.JR
2019-01-22,2853.0,2867.0,2853.0,2860.0,48,2745000.0,570,CZCE.JR
2019-01-23,2864.0,2864.0,2856.0,2856.0,8,457400.0,568,CZCE.JR
2019-01-24,2856.0,2864.0,2846.0,2860.0,14,800600.0,576,CZCE.JR
2019-01-25,2856.0,2856.0,2851.0,2854.0,24,1369300.0,568,CZCE.JR
2019-01-28,2904.0,2907.0,2803.0,2852.0,98,5606800.0,568,CZCE.JR
2019-01-29,2847.0,2853.0,2847.0,2853.0,4,228000.0,568,CZCE.JR
2019-01-30,2845.0,2851.0,2845.0,2850.0,12,683800.0,568,CZCE.JR
2019-01-31,2841.0,2845.0,2817.0,2840.0,52,2951600.0,542,CZCE.JR
2019-02-01,2841.0,2841.0,2838.0,2838.0,26,1476800.0,538,CZCE.JR
2019-02-11,2840.0,2859.0,2840.0,2852.0,26,1482200.0,536,CZCE.JR
2019-02-12,2851.0,2857.0,2851.0,2853.0,10,570700.0,538,CZCE.JR
2019-02-13,2851.0,2851.0,2845.0,2845.0,20,1138800.0,538,CZCE.JR
2019-02-14,2850.0,2902.0,2850.0,2868.0,614,35306300.0,614,CZCE.JR
2019-02-15,2869.0,2890.0,2842.0,2850.0,338,19365800.0,622,CZCE.JR
2019-02-18,2865.0,2865.0,2826.0,2852.0,222,12629200.0,632,CZCE.JR
2019-02-19,2853.0,2869.0,2846.0,2850.0,154,8798400.0,614,CZCE.JR
2019-02-20,2845.0,2852.0,2839.0,2842.0,60,3413500.0,638,CZCE.JR
2019-02-21,2840.0,2847.0,2840.0,2841.0,42,2387100.0,638,CZCE.JR
2019-02-22,2827.0,2865.0,2827.0,2850.0,130,7419400.0,590,CZCE.JR
2019-02-25,2851.0,2851.0,2837.0,2851.0,64,3642600.0,602,CZCE.JR
2019-02-26,2850.0,2853.0,2846.0,2849.0,40,2279600.0,580,CZCE.JR
2019-02-27,2854.0,2861.0,2849.0,2851.0,70,3997600.0,552,CZCE.JR
2019-02-28,2853.0,2862.0,2853.0,2862.0,20,1143800.0,550,CZCE.JR
2019-03-01,2861.0,2885.0,2858.0,2865.0,72,4123800.0,548,CZCE.JR
2019-03-04,2866.0,2866.0,2861.0,2861.0,16,916300.0,548,CZCE.JR
2019-03-05,2862.0,2862.0,2857.0,2860.0,14,800700.0,548,CZCE.JR
2019-03-06,2859.0,2859.0,2850.0,2858.0,30,1711900.0,538,CZCE.JR
2019-03-07,2869.0,2869.0,2856.0,2858.0,26,1487100.0,538,CZCE.JR
2019-03-08,2855.0,2860.0,2851.0,2859.0,34,1943100.0,528,CZCE.JR
2019-03-11,2856.0,2885.0,2852.0,2885.0,50,2865500.0,534,CZCE.JR
2019-03-12,2888.0,2936.0,2875.0,2876.0,354,20576400.0,650,CZCE.JR
2019-03-13,2872.0,2872.0,2856.0,2856.0,74,4237900.0,652,CZCE.JR
2019-03-14,2860.0,2869.0,2858.0,2869.0,34,1945800.0,652,CZCE.JR
2019-03-15,2861.0,2865.0,2858.0,2858.0,14,801200.0,650,CZCE.JR
2019-03-18,2865.0,2875.0,2856.0,2874.0,58,3324000.0,656,CZCE.JR
2019-03-19,2878.0,2884.0,2867.0,2880.0,20,1151000.0,658,CZCE.JR
2019-03-20,2873.0,2889.0,2873.0,2882.0,58,3345800.0,654,CZCE.JR
2019-03-21,2874.0,2889.0,2874.0,2883.0,20,1153000.0,652,CZCE.JR
2019-03-22,2877.0,2887.0,2870.0,2870.0,30,1725300.0,652,CZCE.JR
2019-03-25,2866.0,2876.0,2862.0,2863.0,36,2062900.0,652,CZCE.JR
2019-03-26,2864.0,2864.0,2864.0,2864.0,2,114600.0,652,CZCE.JR
2019-03-27,2866.0,2866.0,2850.0,2850.0,22,1257000.0,650,CZCE.JR
2019-03-28,2850.0,2856.0,2850.0,2852.0,34,1939100.0,640,CZCE.JR
2019-03-29,2853.0,2862.0,2850.0,2850.0,16,913800.0,634,CZCE.JR
2019-04-01,2856.0,2868.0,2852.0,2862.0,28,1600700.0,634,CZCE.JR
2019-04-02,2858.0,2858.0,2858.0,2858.0,2,114300.0,634,CZCE.JR
2019-04-03,2855.0,2863.0,2849.0,2852.0,56,3195000.0,614,CZCE.JR
2019-04-04,2855.0,2862.0,2852.0,2853.0,26,1484800.0,614,CZCE.JR
2019-04-08,2851.0,2857.0,2851.0,2854.0,14,799200.0,614,CZCE.JR
2019-04-09,2853.0,2867.0,2853.0,2863.0,44,2516400.0,614,CZCE.JR
2019-04-10,2869.0,2869.0,2859.0,2859.0,14,801300.0,614,CZCE.JR
2019-04-11,2857.0,2857.0,2853.0,2853.0,8,456800.0,614,CZCE.JR
2019-04-12,2853.0,2868.0,2853.0,2864.0,40,2290100.0,592,CZCE.JR
2019-04-15,2871.0,2884.0,2870.0,2870.0,28,1607900.0,572,CZCE.JR
2019-04-16,2872.0,2873.0,2870.0,2873.0,14,804000.0,570,CZCE.JR
2019-04-17,2870.0,2884.0,2870.0,2884.0,8,460100.0,570,CZCE.JR
2019-04-18,2871.0,2882.0,2871.0,2882.0,24,1380200.0,558,CZCE.JR
2019-04-19,2873.0,2876.0,2847.0,2873.0,236,13485000.0,382,CZCE.JR
2019-04-22,2876.0,2900.0,2876.0,2876.0,42,2423200.0,382,CZCE.JR
2019-04-23,2881.0,2881.0,2878.0,2878.0,4,230400.0,382,CZCE.JR
2019-04-24,2882.0,2883.0,2875.0,2875.0,12,691000.0,378,CZCE.JR
2019-04-25,2875.0,2881.0,2872.0,2872.0,20,1149900.0,366,CZCE.JR
2019-04-26,2872.0,2899.0,2872.0,2889.0,26,1497800.0,354,CZCE.JR
2019-04-29,2895.0,2910.0,2882.0,2882.0,28,1618600.0,354,CZCE.JR
2019-04-30,2880.0,2882.0,2875.0,2875.0,24,1380800.0,352,CZCE.JR
2019-05-06,2876.0,2878.0,2875.0,2877.0,24,1380200.0,336,CZCE.JR
2019-05-07,2880.0,2895.0,2879.0,2879.0,8,461400.0,336,CZCE.JR
2019-05-09,2881.0,2895.0,2881.0,2883.0,18,1039000.0,334,CZCE.JR
2019-05-10,2891.0,2892.0,2878.0,2888.0,20,1155200.0,336,CZCE.JR
2019-05-13,2879.0,2892.0,2879.0,2884.0,26,1500600.0,336,CZCE.JR
2019-05-14,2899.0,2899.0,2875.0,2875.0,80,4603600.0,292,CZCE.JR
2019-05-15,2880.0,2880.0,2876.0,2877.0,14,805900.0,290,CZCE.JR
2019-05-16,2878.0,2878.0,2875.0,2876.0,20,1150600.0,288,CZCE.JR
2019-05-17,2875.0,2879.0,2875.0,2876.0,12,690400.0,284,CZCE.JR
2019-05-20,2879.0,2884.0,2875.0,2884.0,24,1380900.0,270,CZCE.JR
2019-05-21,2878.0,2900.0,2877.0,2885.0,24,1385000.0,272,CZCE.JR
2019-05-22,2879.0,2912.0,2879.0,2883.0,36,2081800.0,268,CZCE.JR
2019-05-23,2876.0,2876.0,2875.0,2875.0,22,1265100.0,254,CZCE.JR
2019-05-24,2875.0,2875.0,2875.0,2875.0,10,575000.0,244,CZCE.JR
2019-05-27,2885.0,2885.0,2885.0,2885.0,2,115400.0,242,CZCE.JR
2019-05-28,2899.0,2899.0,2875.0,2876.0,10,577000.0,238,CZCE.JR
2019-06-03,2875.0,2965.0,2772.0,2851.0,46,2638800.0,208,CZCE.JR
2019-06-04,2875.0,2887.0,2875.0,2875.0,8,460500.0,204,CZCE.JR
2019-06-05,2876.0,2876.0,2875.0,2875.0,6,345000.0,198,CZCE.JR
2019-06-06,2875.0,2875.0,2875.0,2875.0,16,920000.0,182,CZCE.JR
2019-06-10,2875.0,2892.0,2875.0,2892.0,12,692200.0,182,CZCE.JR
2019-06-11,2878.0,2878.0,2875.0,2875.0,10,575200.0,172,CZCE.JR
2019-06-13,2885.0,2888.0,2885.0,2888.0,6,346400.0,168,CZCE.JR
2019-06-14,2876.0,2930.0,2872.0,2881.0,84,4844100.0,118,CZCE.JR
2019-06-18,2903.0,2903.0,2903.0,2903.0,12,696700.0,106,CZCE.JR
2019-06-19,2906.0,2954.0,2905.0,2907.0,24,1406500.0,94,CZCE.JR
2019-06-20,2925.0,2925.0,2914.0,2914.0,18,1051900.0,86,CZCE.JR
2019-06-21,2915.0,2915.0,2914.0,2914.0,24,1398900.0,62,CZCE.JR
2019-06-24,2916.0,2942.0,2914.0,2916.0,12,700800.0,52,CZCE.JR
2019-06-25,2916.0,2916.0,2915.0,2915.0,18,1049700.0,34,CZCE.JR
2019-06-26,2916.0,2916.0,2914.0,2915.0,12,699700.0,22,CZCE.JR
2019-06-27,2915.0,2956.0,2915.0,2921.0,14,819100.0,14,CZCE.JR
2019-06-28,3035.0,3042.0,2808.0,3041.0,98,5785700.0,0,CZCE.JR
2019-08-14,3191.0,3191.0,2969.0,2981.0,18,1114800.0,0,CZCE.JR
2019-08-16,3221.0,3221.0,2996.0,3221.0,206,13060900.0,12,CZCE.JR
2019-08-19,3221.0,3273.0,3200.0,3228.0,52,3363800.0,6,CZCE.JR
2019-08-20,3145.0,3299.0,3145.0,3181.0,20,1286600.0,6,CZCE.JR
2019-08-21,3254.0,3290.0,3157.0,3205.0,40,2587900.0,2,CZCE.JR
2019-08-23,3239.0,3264.0,3239.0,3264.0,4,260100.0,2,CZCE.JR
2019-09-09,2962.0,3002.0,2962.0,3000.0,20,1197800.0,8,CZCE.JR
2019-09-10,3006.0,3006.0,2971.0,2971.0,4,239100.0,6,CZCE.JR
2019-09-16,3109.0,3109.0,2895.0,2943.0,6,357900.0,4,CZCE.JR
2019-09-23,2871.0,3079.0,2871.0,3020.0,8,481900.0,4,CZCE.JR
2019-09-24,3077.0,3098.0,3051.0,3051.0,16,981000.0,4,CZCE.JR
2019-10-16,2868.0,2868.0,2868.0,2868.0,2,114700.0,4,CZCE.JR
2019-11-19,2890.0,2983.0,2890.0,2983.0,4,234900.0,4,CZCE.JR
2019-11-20,2870.0,2930.0,2870.0,2930.0,6,346800.0,2,CZCE.JR
2019-11-25,2778.0,2790.0,2778.0,2790.0,4,222700.0,2,CZCE.JR
2019-11-28,2890.0,2890.0,2782.0,2782.0,4,226900.0,4,CZCE.JR
2019-11-29,2836.0,2836.0,2836.0,2836.0,2,113400.0,2,CZCE.JR
2019-12-09,2749.0,2870.0,2749.0,2870.0,4,224800.0,2,CZCE.JR
2019-12-10,2761.0,2821.0,2761.0,2821.0,6,336100.0,0,CZCE.JR
2020-02-12,3063.0,3174.0,3063.0,3119.0,6,373900.0,3,CZCE.JR
2020-02-17,3199.0,3240.0,3153.0,3240.0,26,1668700.0,11,CZCE.JR
2020-02-18,3120.0,3196.0,3079.0,3093.0,247,15502800.0,103,CZCE.JR
2020-02-19,3061.0,3124.0,3012.0,3012.0,504,30531000.0,279,CZCE.JR
2020-02-20,3000.0,3016.0,2953.0,2964.0,317,18895200.0,367,CZCE.JR
2020-02-21,2953.0,2970.0,2901.0,2926.0,219,12838600.0,349,CZCE.JR
2020-02-24,2943.0,2965.0,2911.0,2927.0,252,14778100.0,438,CZCE.JR
2020-02-25,2937.0,2941.0,2920.0,2932.0,107,6278000.0,422,CZCE.JR
2020-02-26,2944.0,2948.0,2920.0,2923.0,92,5392900.0,434,CZCE.JR
2020-02-27,2920.0,2924.0,2902.0,2909.0,42,2444800.0,451,CZCE.JR
2020-02-28,2904.0,2920.0,2888.0,2896.0,101,5871100.0,412,CZCE.JR
2020-03-02,2861.0,2886.0,2854.0,2881.0,80,4592300.0,413,CZCE.JR
2020-03-03,2863.0,2880.0,2857.0,2874.0,75,4306700.0,426,CZCE.JR
2020-03-04,2876.0,2879.0,2864.0,2871.0,56,3215100.0,430,CZCE.JR
2020-03-05,2868.0,2878.0,2866.0,2875.0,34,1953300.0,429,CZCE.JR
2020-03-06,2872.0,2879.0,2871.0,2874.0,31,1782100.0,435,CZCE.JR
2020-03-09,2861.0,2871.0,2774.0,2789.0,209,11790900.0,423,CZCE.JR
2020-03-10,2780.0,2800.0,2780.0,2792.0,92,5141000.0,429,CZCE.JR
2020-03-11,2809.0,2809.0,2790.0,2791.0,32,1789000.0,432,CZCE.JR
2020-03-12,2779.0,2790.0,2776.0,2776.0,37,2059200.0,428,CZCE.JR
2020-03-13,2712.0,2780.0,2700.0,2779.0,57,3141700.0,428,CZCE.JR
2020-03-16,2758.0,2779.0,2758.0,2758.0,27,1496400.0,434,CZCE.JR
2020-03-17,2760.0,2762.0,2725.0,2756.0,32,1758800.0,440,CZCE.JR
2020-03-18,2752.0,2760.0,2746.0,2747.0,30,1652200.0,444,CZCE.JR
2020-03-19,2720.0,2766.0,2720.0,2757.0,390,21454800.0,433,CZCE.JR
2020-03-20,2778.0,2778.0,2735.0,2741.0,54,2972600.0,425,CZCE.JR
2020-03-23,2752.0,2782.0,2746.0,2780.0,78,4311000.0,462,CZCE.JR
2020-03-24,2772.0,2801.0,2772.0,2801.0,91,5076600.0,442,CZCE.JR
2020-03-25,2760.0,2799.0,2760.0,2779.0,79,4398400.0,444,CZCE.JR
2020-03-26,2794.0,2895.0,2771.0,2819.0,187,10507700.0,449,CZCE.JR
2020-03-27,2837.0,2923.0,2837.0,2903.0,486,28071800.0,449,CZCE.JR
2020-03-30,2936.0,3004.0,2911.0,3004.0,932,55724900.0,687,CZCE.JR
2020-03-31,3021.0,3039.0,2889.0,2966.0,526,31211300.0,696,CZCE.JR
2020-04-01,2946.0,2974.0,2924.0,2938.0,329,19334500.0,638,CZCE.JR
2020-04-02,2938.0,2968.0,2916.0,2952.0,271,15953500.0,596,CZCE.JR
2020-04-03,2952.0,2963.0,2902.0,2910.0,351,20532600.0,544,CZCE.JR
2020-04-07,2929.0,2933.0,2916.0,2928.0,113,6613800.0,564,CZCE.JR
2020-04-08,2926.0,2928.0,2910.0,2926.0,55,3212900.0,569,CZCE.JR
2020-04-09,2915.0,2973.0,2915.0,2922.0,102,5984700.0,564,CZCE.JR
2020-04-10,2924.0,2932.0,2914.0,2922.0,134,7838300.0,525,CZCE.JR
2020-04-13,2913.0,2920.0,2901.0,2902.0,148,8605300.0,495,CZCE.JR
2020-04-14,2891.0,2909.0,2891.0,2904.0,73,4231700.0,485,CZCE.JR
2020-04-15,2918.0,2918.0,2900.0,2902.0,76,4421000.0,463,CZCE.JR
2020-04-16,2893.0,2909.0,2892.0,2906.0,21,1219400.0,455,CZCE.JR
2020-04-17,2914.0,2943.0,2907.0,2913.0,37,2159300.0,454,CZCE.JR
2020-04-20,2928.0,2946.0,2917.0,2935.0,51,2992200.0,463,CZCE.JR
2020-04-21,2918.0,2928.0,2894.0,2922.0,41,2391700.0,440,CZCE.JR
2020-04-22,2931.0,2931.0,2908.0,2920.0,30,1750400.0,425,CZCE.JR
2020-04-23,2918.0,2928.0,2918.0,2919.0,16,935200.0,426,CZCE.JR
2020-04-24,2928.0,2928.0,2922.0,2924.0,25,1461800.0,421,CZCE.JR
2020-04-27,2913.0,2923.0,2908.0,2918.0,36,2100700.0,407,CZCE.JR
2020-04-28,2916.0,2918.0,2906.0,2915.0,46,2679400.0,398,CZCE.JR
2020-04-29,2920.0,2925.0,2913.0,2914.0,22,1283700.0,389,CZCE.JR
2020-04-30,2912.0,2912.0,2862.0,2868.0,72,4148400.0,397,CZCE.JR
2020-05-06,2861.0,2873.0,2803.0,2812.0,97,5473100.0,375,CZCE.JR
2020-05-07,2822.0,2827.0,2799.0,2816.0,37,2080400.0,373,CZCE.JR
2020-05-08,2834.0,2834.0,2711.0,2796.0,93,5150900.0,358,CZCE.JR
2020-05-11,2800.0,2805.0,2797.0,2799.0,13,728000.0,355,CZCE.JR
2020-05-12,2780.0,2803.0,2761.0,2793.0,46,2568300.0,354,CZCE.JR
2020-05-13,2796.0,2796.0,2795.0,2796.0,3,167800.0,354,CZCE.JR
2020-05-14,2793.0,2793.0,2771.0,2777.0,14,778600.0,351,CZCE.JR
2020-05-15,2774.0,2798.0,2774.0,2796.0,13,723900.0,345,CZCE.JR
2020-05-18,2786.0,2794.0,2786.0,2794.0,15,837800.0,334,CZCE.JR
2020-05-19,2829.0,2830.0,2780.0,2795.0,25,1396700.0,332,CZCE.JR
2020-05-20,2792.0,2796.0,2789.0,2796.0,12,670100.0,332,CZCE.JR
2020-05-21,2807.0,2807.0,2784.0,2784.0,11,615100.0,330,CZCE.JR
2020-05-22,2788.0,2795.0,2786.0,2794.0,11,613800.0,329,CZCE.JR
2020-05-25,2786.0,2804.0,2772.0,2794.0,58,3247200.0,287,CZCE.JR
2020-05-26,2795.0,2800.0,2795.0,2797.0,7,391600.0,282,CZCE.JR
2020-05-27,2791.0,2801.0,2791.0,2800.0,8,447200.0,280,CZCE.JR
2020-05-28,2829.0,2829.0,2794.0,2794.0,13,729600.0,280,CZCE.JR
2020-05-29,2791.0,2799.0,2790.0,2793.0,31,1733500.0,268,CZCE.JR
2020-06-01,2792.0,2795.0,2792.0,2792.0,8,446800.0,267,CZCE.JR
2020-06-02,2790.0,2790.0,2780.0,2788.0,9,501300.0,268,CZCE.JR
2020-06-03,2752.0,2790.0,2751.0,2788.0,30,1666200.0,267,CZCE.JR
2020-06-04,2792.0,2792.0,2785.0,2785.0,11,613200.0,263,CZCE.JR
2020-06-05,2786.0,2786.0,2785.0,2786.0,3,167200.0,260,CZCE.JR
2020-06-08,2777.0,2781.0,2766.0,2781.0,29,1612000.0,241,CZCE.JR
2020-06-09,2777.0,2785.0,2776.0,2782.0,21,1168100.0,241,CZCE.JR
2020-06-10,2783.0,2783.0,2776.0,2776.0,2,111200.0,240,CZCE.JR
2020-06-11,2779.0,2784.0,2776.0,2784.0,10,556400.0,243,CZCE.JR
2020-06-12,2780.0,2784.0,2778.0,2778.0,13,723400.0,240,CZCE.JR
2020-06-15,2787.0,2800.0,2776.0,2776.0,34,1896000.0,217,CZCE.JR
2020-06-16,2768.0,2784.0,2768.0,2784.0,27,1499200.0,204,CZCE.JR
2020-06-17,2777.0,2785.0,2777.0,2783.0,4,222600.0,205,CZCE.JR
2020-06-18,2774.0,2782.0,2771.0,2777.0,18,1000000.0,202,CZCE.JR
2020-06-19,2794.0,2794.0,2775.0,2776.0,7,389200.0,199,CZCE.JR
2020-06-22,2775.0,2779.0,2771.0,2779.0,22,1221300.0,181,CZCE.JR
2020-06-23,2770.0,2784.0,2763.0,2781.0,26,1445400.0,165,CZCE.JR
2020-06-24,2769.0,2780.0,2758.0,2780.0,23,1275100.0,151,CZCE.JR
2020-06-29,2777.0,2777.0,2715.0,2715.0,62,3389400.0,97,CZCE.JR
2020-06-30,2651.0,2670.0,2599.0,2642.0,125,6556500.0,43,CZCE.JR
2020-07-01,2623.0,2623.0,2623.0,2623.0,41,2150900.0,2,CZCE.JR
2020-07-03,2739.0,2739.0,2739.0,2739.0,2,109600.0,112,CZCE.JR
2020-07-06,2758.0,2758.0,2734.0,2739.0,8,438500.0,112,CZCE.JR
2020-07-07,2743.0,2743.0,2729.0,2736.0,15,821300.0,111,CZCE.JR
2020-07-08,2738.0,2738.0,2703.0,2738.0,9,491500.0,113,CZCE.JR
2020-07-09,2731.0,2731.0,2731.0,2731.0,1,54600.0,112,CZCE.JR
2020-07-10,2730.0,2730.0,2729.0,2729.0,2,109200.0,114,CZCE.JR
2020-07-13,2740.0,2750.0,2737.0,2747.0,26,1427600.0,120,CZCE.JR
2020-07-14,2736.0,2749.0,2736.0,2743.0,13,713200.0,118,CZCE.JR
2020-07-15,2736.0,2736.0,2726.0,2726.0,10,546400.0,118,CZCE.JR
2020-07-16,2725.0,2738.0,2725.0,2735.0,12,656100.0,118,CZCE.JR
2020-07-17,2728.0,2730.0,2728.0,2728.0,5,272900.0,121,CZCE.JR
2020-07-20,2740.0,2740.0,2723.0,2723.0,7,382500.0,121,CZCE.JR
2020-07-21,2720.0,2740.0,2711.0,2733.0,5,272900.0,121,CZCE.JR
2020-07-22,2720.0,2736.0,2702.0,2716.0,44,2385600.0,110,CZCE.JR
2020-07-23,2708.0,2725.0,2708.0,2718.0,20,1085900.0,109,CZCE.JR
2020-07-24,2729.0,2733.0,2711.0,2712.0,11,599100.0,107,CZCE.JR
2020-07-27,2709.0,2720.0,2709.0,2713.0,16,868400.0,107,CZCE.JR
2020-07-28,2744.0,2799.0,2731.0,2736.0,63,3476100.0,107,CZCE.JR
2020-07-29,2741.0,2760.0,2732.0,2755.0,38,2090100.0,111,CZCE.JR
2020-07-30,2747.0,2747.0,2730.0,2730.0,5,273600.0,109,CZCE.JR
2020-07-31,2716.0,2729.0,2706.0,2729.0,8,434900.0,109,CZCE.JR
2020-08-03,2713.0,2737.0,2711.0,2723.0,12,654100.0,110,CZCE.JR
2020-08-04,2725.0,2756.0,2717.0,2745.0,20,1094900.0,112,CZCE.JR
2020-08-05,2746.0,2752.0,2732.0,2738.0,28,1536300.0,108,CZCE.JR
2020-08-06,2747.0,2750.0,2707.0,2718.0,21,1145300.0,105,CZCE.JR
2020-08-07,2707.0,2709.0,2695.0,2697.0,24,1296900.0,115,CZCE.JR
2020-08-10,2706.0,2706.0,2681.0,2694.0,11,591400.0,115,CZCE.JR
2020-08-11,2674.0,2688.0,2663.0,2688.0,4,214000.0,115,CZCE.JR
2020-08-12,2652.0,2668.0,2589.0,2589.0,91,4800500.0,120,CZCE.JR
2020-08-13,2593.0,2627.0,2583.0,2617.0,99,5167400.0,129,CZCE.JR
2020-08-14,2600.0,2606.0,2541.0,2550.0,59,3026100.0,120,CZCE.JR
2020-08-17,2525.0,2588.0,2525.0,2549.0,24,1220100.0,113,CZCE.JR
2020-08-18,2524.0,2555.0,2524.0,2543.0,8,407300.0,113,CZCE.JR
2020-08-19,2553.0,2553.0,2514.0,2533.0,17,860600.0,107,CZCE.JR
2020-08-20,2532.0,2595.0,2521.0,2523.0,21,1069300.0,109,CZCE.JR
2020-08-21,2517.0,2530.0,2506.0,2516.0,23,1158800.0,94,CZCE.JR
2020-08-24,2531.0,2537.0,2503.0,2537.0,37,1864600.0,89,CZCE.JR
2020-08-25,2522.0,2522.0,2503.0,2509.0,22,1104200.0,79,CZCE.JR
2020-08-26,2503.0,2503.0,2475.0,2475.0,19,946800.0,68,CZCE.JR
2020-08-27,2472.0,2481.0,2462.0,2480.0,21,1037500.0,61,CZCE.JR
2020-08-28,2464.0,2475.0,2418.0,2418.0,40,1957300.0,33,CZCE.JR
2020-08-31,2390.0,2570.0,2332.0,2569.0,64,3094400.0,12,CZCE.JR
2020-09-02,2770.0,2778.0,2770.0,2778.0,3,166500.0,107,CZCE.JR
2020-09-03,2794.0,2794.0,2772.0,2773.0,5,277700.0,105,CZCE.JR
2020-09-04,2772.0,2782.0,2768.0,2775.0,8,443700.0,106,CZCE.JR
2020-09-07,2771.0,2771.0,2766.0,2766.0,2,110800.0,106,CZCE.JR
2020-09-08,2771.0,2794.0,2771.0,2777.0,13,723400.0,107,CZCE.JR
2020-09-09,2774.0,2774.0,2773.0,2773.0,2,111000.0,106,CZCE.JR
2020-09-10,2764.0,2773.0,2738.0,2767.0,11,607500.0,105,CZCE.JR
2020-09-11,2735.0,2736.0,2735.0,2736.0,2,109400.0,105,CZCE.JR
2020-09-14,2763.0,2763.0,2762.0,2762.0,2,110500.0,105,CZCE.JR
2020-09-15,2765.0,2788.0,2765.0,2769.0,4,221800.0,103,CZCE.JR
2020-09-17,2767.0,2767.0,2767.0,2767.0,3,166000.0,101,CZCE.JR
2020-09-18,2772.0,2774.0,2772.0,2774.0,5,277400.0,97,CZCE.JR
2020-09-21,2784.0,2808.0,2779.0,2808.0,10,557900.0,94,CZCE.JR
2020-09-22,2809.0,2820.0,2774.0,2797.0,28,1565400.0,90,CZCE.JR
2020-09-23,2801.0,2801.0,2791.0,2791.0,4,223600.0,90,CZCE.JR
2020-09-24,2772.0,2772.0,2772.0,2772.0,1,55500.0,90,CZCE.JR
2020-09-28,2752.0,2774.0,2752.0,2774.0,8,441200.0,90,CZCE.JR
2020-09-29,2740.0,2740.0,2740.0,2740.0,3,164400.0,90,CZCE.JR
2020-09-30,2702.0,2702.0,2690.0,2690.0,2,107900.0,90,CZCE.JR
2020-10-09,2718.0,2755.0,2718.0,2752.0,4,219000.0,90,CZCE.JR
2020-10-12,2767.0,2778.0,2743.0,2756.0,11,607300.0,90,CZCE.JR
2020-10-13,2756.0,2788.0,2748.0,2788.0,8,441900.0,92,CZCE.JR
2020-10-14,2788.0,2788.0,2752.0,2752.0,3,166200.0,91,CZCE.JR
2020-10-15,2786.0,2786.0,2756.0,2756.0,6,332200.0,91,CZCE.JR
2020-10-16,2756.0,2776.0,2756.0,2776.0,5,277200.0,93,CZCE.JR
2020-10-19,2762.0,2786.0,2762.0,2772.0,13,720300.0,93,CZCE.JR
2020-10-20,2766.0,2766.0,2756.0,2756.0,2,110500.0,93,CZCE.JR
2020-10-21,2782.0,2783.0,2782.0,2783.0,2,111300.0,91,CZCE.JR
2020-10-22,2806.0,2888.0,2773.0,2850.0,32,1816300.0,88,CZCE.JR
2020-10-23,2894.0,2923.0,2842.0,2888.0,44,2531000.0,90,CZCE.JR
2020-10-26,2865.0,2964.0,2865.0,2949.0,25,1466300.0,97,CZCE.JR
2020-10-27,2940.0,2940.0,2906.0,2906.0,7,409000.0,95,CZCE.JR
2020-10-28,2939.0,3036.0,2939.0,3030.0,36,2145600.0,98,CZCE.JR
2020-10-29,3030.0,3076.0,2960.0,2982.0,27,1626000.0,95,CZCE.JR
2020-10-30,3019.0,3057.0,2987.0,3004.0,25,1511100.0,101,CZCE.JR
2020-11-02,3020.0,3020.0,2952.0,2965.0,17,1012900.0,98,CZCE.JR
2020-11-03,2951.0,2951.0,2950.0,2951.0,3,177100.0,98,CZCE.JR
2020-11-04,2924.0,2950.0,2924.0,2950.0,3,176500.0,98,CZCE.JR
2020-11-05,2950.0,2970.0,2916.0,2927.0,9,527600.0,98,CZCE.JR
2020-11-06,2922.0,2922.0,2885.0,2894.0,12,694400.0,92,CZCE.JR
2020-11-09,2850.0,2890.0,2821.0,2853.0,6,341700.0,92,CZCE.JR
2020-11-10,2851.0,2851.0,2822.0,2822.0,4,226600.0,93,CZCE.JR
2020-11-11,2821.0,2852.0,2801.0,2826.0,11,621200.0,89,CZCE.JR
2020-11-12,2838.0,2838.0,2838.0,2838.0,1,56800.0,88,CZCE.JR
2020-11-13,2848.0,2848.0,2827.0,2827.0,2,113500.0,88,CZCE.JR
2020-11-16,2833.0,2890.0,2818.0,2850.0,12,683400.0,83,CZCE.JR
2020-11-17,2861.0,2861.0,2861.0,2861.0,1,57200.0,83,CZCE.JR
2020-11-18,2861.0,2861.0,2861.0,2861.0,1,57200.0,83,CZCE.JR
2020-11-20,2835.0,2898.0,2826.0,2860.0,6,342700.0,81,CZCE.JR
2020-11-24,2830.0,2830.0,2830.0,2830.0,1,56600.0,81,CZCE.JR
2020-11-26,2860.0,2930.0,2855.0,2930.0,28,1632800.0,61,CZCE.JR
2020-11-27,2961.0,2990.0,2952.0,2969.0,17,1007000.0,63,CZCE.JR
2020-11-30,2990.0,2990.0,2903.0,2936.0,13,761700.0,55,CZCE.JR
2020-12-01,2929.0,2929.0,2929.0,2929.0,3,175800.0,52,CZCE.JR
2020-12-07,2862.0,2862.0,2847.0,2858.0,5,285800.0,51,CZCE.JR
2020-12-10,2766.0,2836.0,2766.0,2789.0,4,223800.0,51,CZCE.JR
2020-12-11,2799.0,2800.0,2756.0,2800.0,7,389300.0,52,CZCE.JR
2020-12-14,2740.0,2745.0,2739.0,2739.0,5,274100.0,51,CZCE.JR
2020-12-15,2736.0,2736.0,2736.0,2736.0,1,54700.0,50,CZCE.JR
2020-12-17,2794.0,2794.0,2717.0,2717.0,2,110200.0,50,CZCE.JR
2020-12-21,2731.0,2785.0,2731.0,2785.0,5,274200.0,48,CZCE.JR
2020-12-22,2744.0,2744.0,2712.0,2741.0,5,273300.0,45,CZCE.JR
2020-12-23,2710.0,2720.0,2710.0,2720.0,3,163000.0,43,CZCE.JR
2020-12-24,2698.0,2699.0,2696.0,2696.0,13,701400.0,31,CZCE.JR
2020-12-28,2830.0,2830.0,2654.0,2655.0,6,323500.0,30,CZCE.JR
2020-12-29,2625.0,2788.0,2561.0,2601.0,79,4111100.0,20,CZCE.JR
2020-12-30,2542.0,2578.0,2471.0,2507.0,52,2608600.0,17,CZCE.JR
2020-12-31,2493.0,2592.0,2480.0,2480.0,32,1613000.0,3,CZCE.JR
2021-01-04,2460.0,2460.0,2460.0,2460.0,3,147600.0,0,CZCE.JR
2021-01-05,2879.0,2879.0,2700.0,2800.0,63,3550600.0,19,CZCE.JR
2021-01-06,2849.0,2959.0,2849.0,2958.0,148,8664700.0,47,CZCE.JR
2021-01-07,3049.0,3049.0,2933.0,2953.0,300,17904400.0,78,CZCE.JR
2021-01-08,2953.0,2983.0,2900.0,2911.0,60,3506600.0,71,CZCE.JR
2021-01-11,2882.0,2882.0,2862.0,2870.0,39,2237300.0,53,CZCE.JR
2021-01-12,2897.0,2966.0,2897.0,2946.0,51,2995500.0,55,CZCE.JR
2021-01-13,3028.0,3028.0,2808.0,2880.0,56,3314000.0,51,CZCE.JR
2021-01-14,2860.0,2919.0,2860.0,2917.0,9,522200.0,49,CZCE.JR
2021-01-15,2911.0,2948.0,2909.0,2915.0,13,759500.0,52,CZCE.JR
2021-01-18,2957.0,2970.0,2940.0,2940.0,8,473500.0,48,CZCE.JR
2021-01-19,2999.0,3018.0,2991.0,2992.0,19,1141900.0,49,CZCE.JR
2021-01-20,2970.0,2997.0,2956.0,2985.0,6,357000.0,50,CZCE.JR
2021-01-21,2951.0,3000.0,2951.0,2960.0,4,237500.0,50,CZCE.JR
2021-01-22,2990.0,2990.0,2930.0,2930.0,9,529400.0,47,CZCE.JR
2021-01-25,2961.0,2961.0,2881.0,2899.0,22,1278400.0,41,CZCE.JR
2021-01-26,2938.0,2938.0,2876.0,2928.0,19,1105200.0,46,CZCE.JR
2021-01-27,2932.0,2932.0,2925.0,2925.0,4,234400.0,43,CZCE.JR
2021-01-28,2979.0,2979.0,2894.0,2894.0,9,525600.0,46,CZCE.JR
2021-01-29,2916.0,2987.0,2904.0,2987.0,14,822500.0,44,CZCE.JR
2021-02-01,2926.0,3008.0,2910.0,3000.0,33,1961000.0,50,CZCE.JR
2021-02-02,2970.0,3015.0,2956.0,2986.0,25,1486900.0,44,CZCE.JR
2021-02-03,2987.0,3002.0,2974.0,2975.0,9,537200.0,46,CZCE.JR
2021-02-04,2984.0,2984.0,2904.0,2904.0,29,1707400.0,41,CZCE.JR
2021-02-05,2891.0,2935.0,2870.0,2883.0,24,1388700.0,42,CZCE.JR
2021-02-08,2899.0,2899.0,2860.0,2869.0,11,633200.0,40,CZCE.JR
2021-02-09,2870.0,2870.0,2832.0,2832.0,12,683600.0,37,CZCE.JR
2021-02-10,2874.0,2947.0,2846.0,2846.0,9,519000.0,38,CZCE.JR
2021-02-18,2802.0,2880.0,2802.0,2880.0,4,228300.0,38,CZCE.JR
2021-02-22,2830.0,2927.0,2830.0,2898.0,8,462000.0,38,CZCE.JR
2021-02-23,2889.0,2936.0,2889.0,2899.0,17,992000.0,38,CZCE.JR
2021-02-24,2900.0,2923.0,2871.0,2923.0,14,814100.0,39,CZCE.JR
2021-02-25,2949.0,2955.0,2913.0,2955.0,13,762900.0,40,CZCE.JR
2021-02-26,2912.0,2952.0,2826.0,2827.0,18,1038000.0,41,CZCE.JR
2021-03-01,2857.0,2890.0,2855.0,2863.0,8,458900.0,38,CZCE.JR
2021-03-03,2880.0,2880.0,2878.0,2879.0,5,287900.0,38,CZCE.JR
2021-03-04,2850.0,2850.0,2836.0,2836.0,4,227400.0,37,CZCE.JR
2021-03-05,2826.0,2826.0,2825.0,2825.0,4,226000.0,36,CZCE.JR
2021-03-08,2880.0,2880.0,2811.0,2829.0,8,455100.0,36,CZCE.JR
2021-03-09,2805.0,2805.0,2750.0,2750.0,6,332700.0,36,CZCE.JR
2021-03-10,2751.0,2799.0,2751.0,2761.0,15,828500.0,29,CZCE.JR
2021-03-11,2818.0,2818.0,2766.0,2799.0,3,167700.0,30,CZCE.JR
2021-03-15,2815.0,2815.0,2815.0,2815.0,1,56300.0,30,CZCE.JR
2021-03-17,2815.0,2815.0,2815.0,2815.0,1,56300.0,30,CZCE.JR
2021-03-18,2764.0,2800.0,2764.0,2771.0,4,222400.0,29,CZCE.JR
2021-03-19,2786.0,2818.0,2756.0,2818.0,5,278300.0,27,CZCE.JR
2021-03-22,2712.0,2730.0,2712.0,2730.0,8,434900.0,23,CZCE.JR
2021-03-24,2803.0,2803.0,2712.0,2780.0,20,1108100.0,27,CZCE.JR
2021-03-25,2779.0,2779.0,2779.0,2779.0,3,166800.0,24,CZCE.JR
2021-03-30,2732.0,2818.0,2732.0,2818.0,3,167400.0,25,CZCE.JR
2021-03-31,2783.0,2783.0,2783.0,2783.0,1,55700.0,24,CZCE.JR
2021-04-06,2809.0,2809.0,2769.0,2769.0,2,111600.0,23,CZCE.JR
2021-04-08,2788.0,2788.0,2788.0,2788.0,23,1282500.0,23,CZCE.JR
2021-04-09,2799.0,2799.0,2730.0,2780.0,3,166200.0,22,CZCE.JR
2021-04-13,2736.0,2736.0,2728.0,2728.0,2,109300.0,21,CZCE.JR
2021-04-14,2742.0,2825.0,2742.0,2798.0,5,279800.0,22,CZCE.JR
2021-04-15,2830.0,2831.0,2740.0,2824.0,24,1330500.0,19,CZCE.JR
2021-04-16,2764.0,2764.0,2764.0,2764.0,1,55300.0,18,CZCE.JR
2021-04-23,2715.0,2855.0,2715.0,2730.0,7,387700.0,18,CZCE.JR
2021-04-28,2715.0,2715.0,2703.0,2708.0,5,271100.0,14,CZCE.JR
2021-04-29,2708.0,2747.0,2700.0,2700.0,5,271200.0,11,CZCE.JR
2021-04-30,2656.0,2656.0,2549.0,2549.0,26,1344700.0,7,CZCE.JR
2021-05-06,2405.0,2405.0,2405.0,2405.0,7,336700.0,0,CZCE.JR
2021-05-10,2720.0,2785.0,2711.0,2730.0,14,767500.0,13,CZCE.JR
2021-05-11,2740.0,2765.0,2734.0,2738.0,8,438800.0,16,CZCE.JR
2021-05-12,2677.0,2779.0,2677.0,2743.0,4,218900.0,15,CZCE.JR
2021-05-13,2776.0,2807.0,2759.0,2759.0,6,333300.0,15,CZCE.JR
2021-05-18,2780.0,2781.0,2742.0,2742.0,4,220900.0,15,CZCE.JR
2021-05-19,2733.0,2745.0,2733.0,2745.0,2,109600.0,15,CZCE.JR
2021-05-20,2766.0,2766.0,2709.0,2737.0,7,383300.0,15,CZCE.JR
2021-05-21,2741.0,2741.0,2710.0,2710.0,2,109000.0,15,CZCE.JR
2021-05-24,2733.0,2779.0,2730.0,2733.0,7,385300.0,16,CZCE.JR
2021-05-25,2720.0,2766.0,2720.0,2766.0,3,165000.0,15,CZCE.JR
2021-05-26,2721.0,2721.0,2721.0,2721.0,1,54400.0,15,CZCE.JR
2021-06-01,2721.0,2721.0,2701.0,2701.0,3,162900.0,16,CZCE.JR
2021-06-02,2680.0,2680.0,2680.0,2680.0,1,53600.0,16,CZCE.JR
2021-06-03,2677.0,2677.0,2677.0,2677.0,1,53500.0,16,CZCE.JR
2021-06-07,2720.0,2720.0,2698.0,2698.0,3,162800.0,17,CZCE.JR
2021-06-16,2660.0,2703.0,2660.0,2703.0,3,161300.0,16,CZCE.JR
2021-06-23,2706.0,2706.0,2655.0,2655.0,2,107200.0,16,CZCE.JR
2021-06-24,2652.0,2673.0,2580.0,2652.0,10,529500.0,15,CZCE.JR
2021-06-25,2651.0,2651.0,2651.0,2651.0,1,53000.0,15,CZCE.JR
2021-06-29,2676.0,2676.0,2627.0,2627.0,6,316800.0,15,CZCE.JR
2021-06-30,2647.0,2708.0,2647.0,2653.0,20,1070100.0,15,CZCE.JR
2021-07-01,2636.0,2636.0,2611.0,2611.0,3,157300.0,16,CZCE.JR
2021-07-02,2650.0,2650.0,2600.0,2633.0,8,418600.0,16,CZCE.JR
2021-07-06,2628.0,2635.0,2628.0,2635.0,2,105300.0,16,CZCE.JR
2021-07-07,2601.0,2645.0,2601.0,2628.0,9,471700.0,16,CZCE.JR
2021-07-09,2601.0,2601.0,2601.0,2601.0,1,52000.0,16,CZCE.JR
2021-07-12,2601.0,2601.0,2601.0,2601.0,1,52000.0,16,CZCE.JR
2021-07-13,2631.0,2631.0,2622.0,2622.0,5,262700.0,17,CZCE.JR
2021-07-15,2600.0,2600.0,2590.0,2590.0,3,155600.0,14,CZCE.JR
2021-07-16,2630.0,2630.0,2594.0,2594.0,2,104500.0,14,CZCE.JR
2021-07-19,2585.0,2585.0,2582.0,2582.0,2,103300.0,14,CZCE.JR
2021-07-20,2516.0,2629.0,2516.0,2572.0,11,569100.0,14,CZCE.JR
2021-07-21,2572.0,2616.0,2572.0,2582.0,17,881900.0,15,CZCE.JR
2021-07-22,2610.0,2629.0,2590.0,2615.0,20,1043400.0,14,CZCE.JR
2021-07-23,2609.0,2624.0,2609.0,2624.0,4,209400.0,12,CZCE.JR
2021-07-26,2586.0,2638.0,2586.0,2638.0,2,104500.0,12,CZCE.JR
2021-07-27,2590.0,2618.0,2580.0,2618.0,3,155800.0,11,CZCE.JR
2021-07-28,2623.0,2623.0,2623.0,2623.0,1,52500.0,12,CZCE.JR
2021-07-29,2594.0,2638.0,2594.0,2638.0,3,157200.0,11,CZCE.JR
2021-07-30,2592.0,2679.0,2592.0,2601.0,11,576100.0,11,CZCE.JR
2021-08-03,2583.0,2628.0,2574.0,2574.0,6,311700.0,11,CZCE.JR
2021-08-04,2581.0,2581.0,2581.0,2581.0,1,51600.0,11,CZCE.JR
2021-08-05,2609.0,2609.0,2552.0,2599.0,6,309400.0,11,CZCE.JR
2021-08-06,2552.0,2561.0,2550.0,2561.0,4,204500.0,10,CZCE.JR
2021-08-09,2599.0,2599.0,2562.0,2562.0,5,259100.0,10,CZCE.JR
2021-08-10,2554.0,2554.0,2549.0,2552.0,3,153100.0,10,CZCE.JR
2021-08-12,2552.0,2620.0,2538.0,2550.0,7,359900.0,9,CZCE.JR
2021-08-13,2570.0,2570.0,2570.0,2570.0,1,51400.0,9,CZCE.JR
2021-08-16,2619.0,2687.0,2619.0,2658.0,7,371700.0,11,CZCE.JR
2021-08-17,2610.0,2610.0,2581.0,2599.0,7,364100.0,11,CZCE.JR
2021-08-18,2630.0,2650.0,2558.0,2599.0,5,261500.0,10,CZCE.JR
2021-08-19,2697.0,2710.0,2625.0,2640.0,7,372400.0,10,CZCE.JR
2021-08-20,2594.0,2792.0,2590.0,2630.0,10,528900.0,10,CZCE.JR
2021-08-23,2610.0,2769.0,2610.0,2769.0,24,1299300.0,11,CZCE.JR
2021-08-24,2810.0,2810.0,2810.0,2810.0,1,56200.0,11,CZCE.JR
2021-08-25,2897.0,2930.0,2760.0,2772.0,14,802300.0,9,CZCE.JR
2021-08-26,2965.0,2970.0,2800.0,2937.0,24,1382700.0,12,CZCE.JR
2021-08-27,2948.0,2980.0,2736.0,2828.0,42,2358700.0,9,CZCE.JR
2021-08-30,2667.0,2760.0,2667.0,2760.0,8,428600.0,9,CZCE.JR
2021-08-31,2464.0,2699.0,2464.0,2470.0,74,3722300.0,2,CZCE.JR
2021-09-01,2389.0,2389.0,2389.0,2389.0,2,95600.0,0,CZCE.JR
2021-09-08,2779.0,2779.0,2676.0,2676.0,2,109100.0,1,CZCE.JR
2021-09-09,2701.0,2776.0,2682.0,2776.0,11,599200.0,4,CZCE.JR
2021-09-10,2769.0,2799.0,2690.0,2779.0,12,659300.0,1,CZCE.JR
2021-09-13,2704.0,2789.0,2704.0,2789.0,2,109900.0,1,CZCE.JR
2021-09-16,2716.0,2810.0,2716.0,2810.0,8,443300.0,3,CZCE.JR
2021-09-17,2799.0,2850.0,2799.0,2850.0,9,507500.0,5,CZCE.JR
2021-09-22,2809.0,2868.0,2809.0,2812.0,3,169800.0,5,CZCE.JR
2021-09-23,2802.0,2842.0,2736.0,2776.0,6,333300.0,4,CZCE.JR
2021-09-27,2830.0,2830.0,2738.0,2819.0,4,223300.0,3,CZCE.JR
2021-09-29,2749.0,2749.0,2749.0,2749.0,1,55000.0,4,CZCE.JR
2021-09-30,2699.0,2700.0,2620.0,2640.0,6,321100.0,4,CZCE.JR
2021-10-08,2700.0,2769.0,2695.0,2695.0,12,658200.0,0,CZCE.JR
2021-10-11,2801.0,2851.0,2718.0,2799.0,6,332200.0,1,CZCE.JR
2021-10-12,2720.0,2720.0,2720.0,2720.0,1,54400.0,0,CZCE.JR
2021-10-13,2667.0,2830.0,2667.0,2722.0,7,381300.0,1,CZCE.JR
2021-10-14,2641.0,2751.0,2641.0,2721.0,3,162300.0,0,CZCE.JR
2021-10-15,2820.0,2837.0,2690.0,2765.0,29,1617900.0,1,CZCE.JR
2021-10-18,2830.0,2830.0,2830.0,2830.0,1,56600.0,2,CZCE.JR
2021-10-19,2732.0,2849.0,2732.0,2838.0,6,334200.0,2,CZCE.JR
2021-10-20,2769.0,2769.0,2769.0,2769.0,1,55400.0,1,CZCE.JR
2021-10-21,2692.0,2830.0,2674.0,2767.0,6,329100.0,1,CZCE.JR
2021-10-26,2661.0,2661.0,2659.0,2659.0,3,159600.0,1,CZCE.JR
2021-10-29,2727.0,2727.0,2568.0,2700.0,8,427900.0,5,CZCE.JR
2021-11-01,2808.0,2808.0,2622.0,2808.0,59,3297400.0,21,CZCE.JR
2021-11-02,2808.0,2889.0,2735.0,2787.0,159,8945500.0,31,CZCE.JR
2021-11-03,2809.0,2813.0,2756.0,2766.0,23,1277300.0,30,CZCE.JR
2021-11-04,2763.0,2810.0,2763.0,2792.0,24,1337000.0,31,CZCE.JR
2021-11-05,2808.0,2808.0,2744.0,2765.0,24,1335300.0,28,CZCE.JR
2021-11-08,2720.0,2796.0,2705.0,2744.0,10,551200.0,26,CZCE.JR
2021-11-09,2726.0,2799.0,2723.0,2747.0,30,1650500.0,26,CZCE.JR
2021-11-11,2667.0,2762.0,2667.0,2736.0,19,1031300.0,29,CZCE.JR
2021-11-12,2795.0,2795.0,2730.0,2750.0,21,1155900.0,25,CZCE.JR
2021-11-15,2782.0,2782.0,2703.0,2703.0,21,1147300.0,35,CZCE.JR
2021-11-16,2707.0,2768.0,2707.0,2732.0,18,982400.0,23,CZCE.JR
2021-11-17,2753.0,2753.0,2731.0,2733.0,4,219300.0,23,CZCE.JR
2021-11-18,2745.0,2762.0,2738.0,2738.0,3,164900.0,22,CZCE.JR
2021-11-22,2739.0,2770.0,2732.0,2732.0,4,219800.0,22,CZCE.JR
2021-11-26,2739.0,2756.0,2739.0,2756.0,2,109900.0,21,CZCE.JR
2021-12-02,2736.0,2790.0,2736.0,2790.0,2,110500.0,21,CZCE.JR
2021-12-03,2787.0,2787.0,2742.0,2742.0,4,221200.0,21,CZCE.JR
2021-12-13,2706.0,2780.0,2682.0,2688.0,23,1248200.0,23,CZCE.JR
2021-12-15,2709.0,2754.0,2709.0,2726.0,3,163800.0,21,CZCE.JR
2021-12-17,2764.0,2765.0,2724.0,2760.0,7,385500.0,20,CZCE.JR
2021-12-21,2819.0,2820.0,2744.0,2746.0,15,828600.0,16,CZCE.JR
2021-12-22,2663.0,2738.0,2636.0,2696.0,15,804300.0,11,CZCE.JR
2021-12-23,2635.0,2749.0,2635.0,2700.0,8,431800.0,7,CZCE.JR
2021-12-27,2722.0,2722.0,2722.0,2722.0,1,54400.0,6,CZCE.JR
2021-12-31,2702.0,2702.0,2702.0,2702.0,1,54000.0,5,CZCE.JR
2022-01-04,2702.0,2766.0,2702.0,2766.0,5,274000.0,0,CZCE.JR
2022-03-10,2960.0,2960.0,2576.0,2906.0,84,4851100.0,9,CZCE.JR
2022-03-11,2985.0,2985.0,2863.0,2956.0,44,2595500.0,8,CZCE.JR
2022-03-14,2806.0,3139.0,2806.0,2946.0,346,20913400.0,43,CZCE.JR
2022-03-15,2901.0,3004.0,2901.0,2923.0,41,2420300.0,41,CZCE.JR
2022-03-16,2903.0,3030.0,2886.0,3009.0,90,5393100.0,49,CZCE.JR
2022-03-17,3009.0,3009.0,2919.0,2919.0,44,2606400.0,39,CZCE.JR
2022-03-18,2903.0,2987.0,2902.0,2926.0,35,2052000.0,42,CZCE.JR
2022-03-21,2891.0,2948.0,2891.0,2921.0,21,1226700.0,40,CZCE.JR
2022-03-22,2941.0,2943.0,2919.0,2934.0,11,646100.0,41,CZCE.JR
2022-03-23,2920.0,2930.0,2919.0,2925.0,9,525800.0,37,CZCE.JR
2022-03-24,2925.0,2942.0,2925.0,2942.0,5,293200.0,37,CZCE.JR
2022-03-25,2916.0,2931.0,2908.0,2908.0,8,466300.0,35,CZCE.JR
2022-03-28,2966.0,2987.0,2930.0,2934.0,14,827500.0,35,CZCE.JR
2022-03-29,2877.0,2925.0,2877.0,2911.0,10,581700.0,34,CZCE.JR
2022-03-30,2906.0,2906.0,2844.0,2886.0,42,2421000.0,22,CZCE.JR
2022-03-31,2913.0,2953.0,2902.0,2927.0,17,998500.0,23,CZCE.JR
2022-04-01,2940.0,2940.0,2935.0,2938.0,5,293800.0,18,CZCE.JR
2022-04-06,2939.0,2939.0,2939.0,2939.0,1,58800.0,17,CZCE.JR
2022-04-07,2941.0,2977.0,2941.0,2977.0,2,118400.0,17,CZCE.JR
2022-04-11,2930.0,2941.0,2930.0,2941.0,5,293800.0,15,CZCE.JR
2022-04-18,2991.0,2991.0,2950.0,2968.0,3,178200.0,15,CZCE.JR
2022-04-19,2978.0,2978.0,2943.0,2943.0,2,118400.0,15,CZCE.JR
2022-04-22,2935.0,2972.0,2935.0,2972.0,3,177600.0,15,CZCE.JR
2022-04-25,2931.0,2994.0,2931.0,2951.0,9,532500.0,17,CZCE.JR
2022-04-27,2920.0,2977.0,2891.0,2900.0,19,1107700.0,24,CZCE.JR
2022-04-28,2888.0,2888.0,2888.0,2888.0,1,57800.0,24,CZCE.JR
2022-05-06,2935.0,2935.0,2828.0,2858.0,14,803100.0,24,CZCE.JR
2022-05-09,2907.0,2907.0,2878.0,2900.0,5,289700.0,22,CZCE.JR
2022-05-10,2829.0,2829.0,2829.0,2829.0,1,56600.0,21,CZCE.JR
2022-05-20,2833.0,2833.0,2833.0,2833.0,3,170000.0,18,CZCE.JR
2022-06-02,2833.0,2833.0,2833.0,2833.0,1,56700.0,17,CZCE.JR
2022-06-08,2833.0,2833.0,2833.0,2833.0,1,56700.0,16,CZCE.JR
2022-06-10,2833.0,2833.0,2833.0,2833.0,1,56700.0,15,CZCE.JR
2022-06-14,2833.0,2833.0,2833.0,2833.0,2,113300.0,13,CZCE.JR
2022-06-23,2818.0,2818.0,2818.0,2818.0,2,112700.0,11,CZCE.JR
2022-08-17,2818.0,2818.0,2818.0,2818.0,1,56400.0,10,CZCE.JR
2022-09-21,2818.0,2818.0,2818.0,2818.0,1,56400.0,9,CZCE.JR
2022-09-26,2818.0,2818.0,2818.0,2818.0,3,169100.0,6,CZCE.JR
2022-10-11,2818.0,2818.0,2818.0,2818.0,1,56400.0,5,CZCE.JR
2022-12-12,2858.0,2858.0,2858.0,2858.0,2,114300.0,3,CZCE.JR
2022-12-14,2858.0,2858.0,2858.0,2858.0,1,57200.0,2,CZCE.JR
2022-12-16,2858.0,2858.0,2858.0,2858.0,1,57200.0,1,CZCE.JR
2022-12-30,2758.0,2758.0,2758.0,2758.0,1,55200.0,0,CZCE.JR
